Adjusted Expiration Date,Batch in Restricted - Use Stock,Batch number,Batch Use,Date of Manufacture,Date on which the record was created,Destroy After Date,Exp/Man/Cre Date,Exp/Man/Cre Date Type,Expiration date_shelf life,First Goods Receipt Date,Goods Receipt Date,InfoProvider,Manufacturing Start Date,Material,Next Insp. Date for Batch,Original Manufacturer,Parent Batch of Package Order,Shelf Life Expiration or Best-Before Date,Vendor Batch Number,packaging Start date,Material ID,Base Unit of Measure,CT-COMBO PRODUCT,CT: Comparator,Plant,Unit Blocked Stock Returns,Unit Blocked Stock,Unit Restricted Consignment,Unit_Stock in Quality Inspection,Unit Stock in Transfer,Unit Total Stock of All Restricted Batches,Unit Total Stock,Unit Unrestricted Consignment,Unit Valuated Unrestricted-Use Stock,Stock in Quality Inspection,Total Stock,Total Stock of All Restricted Batches,Valuated Unrestricted-Use Stock,Storage_Plant,Trial Alias,Expiry Extension Date
2026-05-26,Relate,LOT-45953393,Released,2024-12-17,2024-02-10,2025-10-14,2025-02-21,2026-08-31,2026-01-08,2026-10-04,2026-03-18,576583029,2026-01-17,MAT-60599,2026-11-08,Notice,PK-550252,2026-10-09,LOT-45953393,2026-11-03,MAT-60599,Per,Occur,Develop,US01,Politics,She,Special,Little,Us,Argue,429,Mouth,102,High,454,Public,Behavior,US01,CT-2004-PSX,2026-03-11
2026-04-10,Fund,LOT-94284099,Released,2023-12-31,2024-10-16,2025-11-22,2024-12-31,2025-01-27,2026-03-08,2024-09-07,2025-05-14,609428158,2025-01-05,MAT-60599,2026-07-05,Nothing,PK-656504,2025-06-11,LOT-94284099,2026-11-12,MAT-60599,Role,While,Sister,LAT04,Thought,Customer,Yeah,Indicate,How,Someone,59,Turn,235,Mention,359,If,Speech,EU02,CT-2004-PSX,2026-05-15
2026-05-24,To,LOT-32180264,Quarantined,2024-06-06,2024-11-01,2024-07-01,2025-01-30,2025-11-30,2025-07-01,2026-04-27,2025-07-04,923717995,2024-11-30,MAT-60599,2024-05-02,Develop,PK-900273,2025-10-06,LOT-32180264,2026-03-12,MAT-60599,System,Her,Theory,US01,Anyone,Short,Large,Either,Total,Least,222,Account,275,While,242,Glass,Form,US01,CT-2004-PSX,2025-08-10
2026-05-13,Watch,LOT-86533765,Quarantined,2024-02-29,2026-04-26,2024-05-21,2026-05-23,2024-07-28,2026-11-16,2025-12-30,2025-12-31,858331776,2026-10-30,MAT-60599,2026-10-30,Mrs,PK-683525,2025-08-18,LOT-86533765,2025-07-16,MAT-60599,Both,Leave,Opportunity,US01,Theory,Sit,Trouble,Just,Themselves,Very,482,Staff,372,Success,83,Movement,Brother,AP03,CT-2004-PSX,2027-03-04
2025-02-05,Less,LOT-39555641,Released,2024-11-17,2025-04-16,2026-02-12,2026-09-07,2025-03-06,2027-05-20,2025-03-04,2025-05-21,574608058,2025-10-18,MAT-32011,2025-07-30,Sort,PK-759315,2024-06-25,LOT-39555641,2025-07-09,MAT-32011,This,Edge,Film,LAT04,Result,Play,Will,Cost,Charge,Involve,33,Else,71,Admit,426,Very,Be,LAT04,CT-2004-PSX,2027-08-03
2025-03-08,Against,LOT-39007987,Released,2025-04-28,2025-02-13,2024-01-31,2026-01-26,2024-05-08,2027-02-22,2024-07-13,2023-12-25,945089495,2026-03-14,MAT-32011,2026-10-15,Tree,PK-295401,2026-04-17,LOT-39007987,2023-12-29,MAT-32011,Quite,Final,Whole,AP03,Notice,Son,Religious,Detail,Stage,Key,20,Practice,54,Thought,28,Safe,Or,LAT04,CT-2004-PSX,2027-06-02
2024-05-08,Subject,LOT-75185716,Hold,2025-01-13,2024-07-15,2026-04-25,2025-12-28,2026-06-22,2026-06-14,2025-09-15,2024-01-11,300223799,2026-07-09,MAT-97442,2024-05-17,On,PK-915195,2024-05-18,LOT-75185716,2023-12-30,MAT-97442,Husband,Area,Specific,LAT04,Collection,Appear,Could,During,Example,Throughout,114,Message,147,Data,558,Politics,Concern,LAT04,CT-2004-PSX,2026-08-02
2026-06-15,Difference,LOT-51070012,Released,2024-01-25,2026-01-27,2026-01-31,2024-12-10,2024-01-31,2025-12-01,2025-01-27,2024-08-01,951317300,2025-10-11,MAT-97442,2025-12-23,Hope,PK-719983,2026-07-17,LOT-51070012,2024-07-30,MAT-97442,Benefit,Myself,Score,EU02,Simply,Yard,Region,Time,Eight,Through,343,East,258,Want,547,Democrat,Benefit,AP03,CT-2004-PSX,2026-02-09
2024-12-15,Church,LOT-68153288,Hold,2024-11-11,2026-01-14,2024-05-09,2025-09-20,2025-10-25,2027-09-07,2024-01-17,2024-02-18,186193883,2025-07-20,MAT-97442,2025-08-05,Oil,PK-193168,2026-07-21,LOT-68153288,2025-02-20,MAT-97442,Onto,Interest,Rich,AP03,Commercial,Fill,Student,Evening,Throughout,Strong,360,State,312,Speech,18,Material,Those,US01,CT-2004-PSX,2027-10-25
2024-12-15,The,LOT-69596629,Released,2024-08-30,2025-06-04,2024-04-18,2025-03-21,2025-02-04,2026-12-31,2023-11-29,2024-05-24,860741133,2024-10-01,MAT-49508,2025-11-05,Significant,PK-129372,2025-03-17,LOT-69596629,2024-05-23,MAT-49508,Detail,Truth,Collection,LAT04,Next,Structure,Around,Cover,Space,Class,454,Film,363,Truth,426,Lose,Certainly,US01,CT-6592-IDY,2027-04-17
2025-08-23,Too,LOT-28252003,Quarantined,2024-05-03,2024-09-16,2026-01-03,2026-10-16,2024-10-11,2027-04-18,2024-04-28,2025-09-21,614742749,2024-05-26,MAT-49508,2024-01-21,Western,PK-527060,2026-07-08,LOT-28252003,2025-05-29,MAT-49508,The,May,Anyone,AP03,Media,Middle,President,Heavy,Rather,Community,336,Sport,174,Memory,497,Able,Stop,AP03,CT-6592-IDY,2027-06-23
2024-05-12,Report,LOT-66123852,Hold,2025-09-10,2025-06-16,2024-04-24,2025-02-05,2025-12-25,2028-07-06,2024-08-18,2024-04-04,149085701,2025-06-16,MAT-49508,2024-11-29,Inside,PK-175744,2025-07-29,LOT-66123852,2026-03-12,MAT-49508,Economy,Street,Single,US01,Specific,Get,Seem,Left,Sign,Half,112,Nor,20,Lay,281,Already,Authority,AP03,CT-6592-IDY,2028-09-07
2025-01-12,Itself,LOT-77757177,Released,2025-05-27,2026-01-30,2024-04-06,2024-05-26,2024-10-28,2028-01-16,2024-09-22,2025-01-31,775592298,2024-06-17,MAT-17085,2025-11-23,Know,PK-145201,2023-11-19,LOT-77757177,2026-03-11,MAT-17085,Charge,Bill,Picture,LAT04,Week,Strong,Food,Their,Show,Soldier,430,He,101,Campaign,196,Company,Arm,LAT04,CT-6592-IDY,2028-03-10
2024-02-14,Since,LOT-19994803,Hold,2024-06-14,2026-03-28,2025-12-23,2026-07-19,2025-06-03,2027-03-23,2024-09-23,2026-01-25,252243122,2025-07-06,MAT-17085,2025-05-12,Real,PK-933238,2026-08-08,LOT-19994803,2026-07-30,MAT-17085,Few,At,Accept,LAT04,Resource,Born,Matter,Analysis,Direction,Current,350,Past,311,Either,400,Son,Short,AP03,CT-6592-IDY,2027-05-05
2025-05-17,Sometimes,LOT-45619384,Released,2025-06-05,2025-01-15,2025-07-24,2024-10-26,2024-03-02,2027-10-20,2025-03-28,2024-06-09,216697867,2024-01-10,MAT-17085,2024-04-15,Later,PK-572173,2024-01-10,LOT-45619384,2024-03-16,MAT-17085,Increase,Instead,Two,AP03,Concern,Notice,Want,Represent,Economic,Rock,229,Figure,213,Among,70,Its,Get,LAT04,CT-6592-IDY,2028-02-08
2025-08-02,Culture,LOT-26474824,Quarantined,2024-09-30,2024-09-06,2024-12-04,2026-09-08,2026-07-15,2026-11-13,2024-10-13,2023-12-09,809723969,2024-06-26,MAT-84265,2026-10-13,Eight,PK-691839,2025-02-02,LOT-26474824,2024-11-10,MAT-84265,Force,Ball,Opportunity,EU02,Learn,Particular,Upon,Wife,Item,Amount,491,Finish,332,Happy,68,Street,Similar,US01,CT-8970-PLO,2027-01-21
2024-05-15,Value,LOT-43759862,Quarantined,2025-03-04,2026-08-14,2024-04-14,2026-04-29,2026-07-27,2026-10-16,2025-01-28,2026-05-04,899128078,2024-08-27,MAT-84265,2026-01-29,Learn,PK-181480,2024-01-01,LOT-43759862,2026-10-22,MAT-84265,Practice,Energy,Few,EU02,Question,Free,Prepare,Recognize,Present,Various,346,Gun,315,Election,245,As,West,LAT04,CT-8970-PLO,2027-02-12
2026-04-04,Staff,LOT-84562329,Released,2024-06-30,2026-01-20,2026-05-04,2026-02-07,2026-01-12,2025-10-19,2026-01-12,2023-12-27,729956666,2024-02-13,MAT-82398,2025-07-13,Republican,PK-783573,2025-11-22,LOT-84562329,2026-03-25,MAT-82398,Try,Behind,Measure,EU02,Enjoy,Site,Rest,Ball,Able,Blood,145,Right,308,Before,319,Small,Executive,LAT04,CT-8970-PLO,2025-12-01
2025-07-01,Include,LOT-74101873,Hold,2024-04-18,2026-07-18,2024-10-27,2023-12-26,2024-05-22,2025-10-17,2024-06-11,2025-10-23,835474890,2026-03-19,MAT-82398,2024-11-04,Wife,PK-767854,2026-04-22,LOT-74101873,2025-09-17,MAT-82398,Low,Responsibility,Thousand,US01,Economic,Everything,Until,If,Along,Plant,273,It,388,Court,452,Court,On,US01,CT-8970-PLO,2025-12-23
2025-12-25,Center,LOT-91814441,Released,2024-01-22,2025-06-08,2026-01-14,2024-10-17,2026-11-04,2026-02-14,2023-11-15,2025-08-11,278517355,2026-03-22,MAT-85304,2024-05-15,Water,PK-483254,2025-05-19,LOT-91814441,2024-04-08,MAT-85304,Artist,Peace,Worker,US01,Position,Result,Team,Anything,Bank,Coach,199,Large,0,Positive,66,Will,Seat,AP03,CT-8970-PLO,2026-05-04
2024-01-24,Four,LOT-65133728,Released,2024-02-22,2025-11-24,2025-09-03,2025-12-15,2024-07-28,2025-05-23,2024-09-30,2026-04-05,661841486,2026-05-27,MAT-85304,2025-03-10,Body,PK-885354,2026-11-01,LOT-65133728,2024-11-04,MAT-85304,Wear,Wait,Someone,LAT04,You,Section,Fund,Nothing,Guess,Produce,21,Into,126,Second,419,And,Home,AP03,CT-8970-PLO,2025-09-13
2025-07-16,And,LOT-14354504,Released,2024-05-31,2025-09-08,2024-09-10,2024-01-22,2024-08-26,2025-07-25,2026-09-02,2026-08-01,303026737,2026-09-09,MAT-86920,2026-02-26,Edge,PK-932755,2024-06-09,LOT-14354504,2025-06-25,MAT-86920,Indicate,Half,Early,EU02,Agency,Fire,Away,Find,Radio,Anything,366,Argue,187,Nor,537,Us,Your,EU02,CT-8970-PLO,2025-09-11
2025-02-08,In,LOT-44689282,Hold,2025-04-06,2026-01-08,2025-11-29,2025-12-15,2026-09-17,2027-09-02,2024-01-26,2024-04-19,477662849,2024-10-18,MAT-86920,2026-05-16,Area,PK-246395,2025-10-14,LOT-44689282,2026-08-17,MAT-86920,Together,Walk,From,AP03,Join,Win,Property,Body,Lose,Yet,402,Term,268,Standard,91,Floor,Chance,US01,CT-8970-PLO,2027-11-28
2026-08-02,Personal,LOT-24616505,Hold,2025-02-11,2024-05-01,2025-12-28,2025-11-03,2026-09-14,2027-04-30,2024-01-14,2024-01-22,721436029,2025-09-14,MAT-86920,2025-08-14,Daughter,PK-196902,2024-05-20,LOT-24616505,2023-12-12,MAT-86920,Change,Art,Plan,LAT04,Affect,Something,President,Defense,Range,Moment,403,Trial,357,Medical,246,Away,Good,LAT04,CT-8970-PLO,2027-08-15
2023-11-25,Break,LOT-91428756,Quarantined,2025-01-13,2026-02-27,2023-12-30,2024-03-27,2026-02-09,2027-12-20,2025-09-12,2026-09-15,387562556,2024-01-13,MAT-42350,2025-05-06,Right,PK-238737,2026-05-01,LOT-91428756,2025-09-14,MAT-42350,Wonder,They,Person,AP03,Account,Member,Movement,From,Oil,Dark,372,Few,238,By,109,Force,Admit,AP03,CT-5806-JWO,2028-03-31
2026-06-30,Expect,LOT-80893385,Released,2025-05-05,2024-04-14,2026-05-15,2024-06-25,2024-10-13,2027-08-29,2024-03-18,2024-04-25,660535649,2024-01-15,MAT-42350,2024-05-11,Reduce,PK-507615,2025-10-26,LOT-80893385,2024-04-06,MAT-42350,Piece,Leave,Theory,AP03,Involve,Them,Than,Win,Pull,Image,90,Like,299,Civil,121,Fire,Put,AP03,CT-5806-JWO,2027-11-25
2024-11-04,Gun,LOT-17051687,Released,2024-08-02,2025-04-18,2024-12-14,2025-06-14,2026-03-23,2026-02-23,2024-03-11,2024-01-18,737228506,2024-08-25,MAT-81584,2024-04-12,Edge,PK-766660,2025-10-30,LOT-17051687,2024-03-17,MAT-81584,Throughout,Face,Police,EU02,Conference,Manager,Town,Radio,Method,Throw,401,After,88,Total,526,Condition,State,US01,CT-5806-JWO,2026-05-27
2025-03-12,Design,LOT-62532897,Released,2024-06-09,2025-11-21,2026-06-01,2025-07-26,2025-04-13,2027-05-10,2025-10-05,2025-10-30,708456084,2024-03-22,MAT-81584,2026-08-10,Believe,PK-507239,2025-05-28,LOT-62532897,2026-10-25,MAT-81584,All,Oil,Mother,EU02,Whole,Radio,Customer,Deal,Network,Away,41,Main,313,Husband,444,Artist,Soldier,AP03,CT-5806-JWO,2027-06-25
2024-11-01,Society,LOT-89350866,Quarantined,2024-01-25,2024-12-26,2024-12-09,2026-09-22,2025-09-03,2025-02-07,2024-10-12,2025-11-11,427089224,2025-09-19,MAT-81584,2024-02-19,Certainly,PK-276995,2025-02-06,LOT-89350866,2024-07-11,MAT-81584,Cut,Coach,After,US01,Lose,Second,Build,Seem,About,Free,395,Yeah,307,Heart,556,A,Then,EU02,CT-5806-JWO,2025-06-02
2024-03-07,Form,LOT-26730959,Hold,2024-12-25,2026-07-21,2024-02-20,2024-03-10,2026-01-06,2026-03-16,2025-03-22,2023-12-10,480447825,2024-06-19,MAT-81584,2023-12-25,Particular,PK-285279,2026-06-01,LOT-26730959,2024-02-09,MAT-81584,Get,Response,Modern,EU02,Chair,Field,Response,Pull,Heavy,Human,355,Under,272,Like,48,Air,Professor,AP03,CT-5806-JWO,2026-07-10
2024-07-13,Age,LOT-70504064,Hold,2024-12-28,2025-09-07,2025-02-10,2025-09-16,2024-01-11,2027-01-09,2025-04-27,2026-01-25,910062852,2025-01-16,MAT-26378,2026-07-29,Enough,PK-366784,2024-03-28,LOT-70504064,2026-09-13,MAT-26378,Both,Start,Stop,EU02,Seem,But,Black,Product,Age,System,204,Music,262,Sort,200,Eat,Claim,US01,CT-5806-JWO,2027-03-01
2025-03-26,Because,LOT-92761826,Quarantined,2024-04-26,2026-08-11,2025-09-13,2023-12-16,2025-07-04,2026-06-08,2023-11-25,2026-02-05,886643487,2025-05-01,MAT-26378,2024-02-14,List,PK-738481,2025-03-25,LOT-92761826,2026-06-14,MAT-26378,Carry,Yourself,Here,US01,Individual,Whole,War,Approach,Car,Meeting,387,Coach,78,Begin,517,Including,Look,AP03,CT-5806-JWO,2026-07-22
2026-07-24,Possible,LOT-53734310,Released,2025-06-12,2024-05-05,2026-02-06,2026-01-13,2024-05-02,2027-03-14,2026-07-02,2026-02-19,160079584,2026-06-19,MAT-39857,2026-05-27,Board,PK-964458,2025-08-19,LOT-53734310,2025-12-14,MAT-39857,Often,Up,Pattern,US01,Together,Garden,View,Machine,Style,Relate,286,Create,95,Him,42,Defense,Your,EU02,CT-5806-JWO,2027-05-14
2026-10-16,Quality,LOT-60891080,Released,2024-06-21,2025-10-04,2026-04-07,2025-05-03,2025-05-11,2027-06-20,2026-05-23,2025-03-09,750927973,2025-04-20,MAT-39857,2026-02-14,Consumer,PK-202324,2024-03-03,LOT-60891080,2026-11-11,MAT-39857,Risk,Family,Direction,EU02,Alone,Newspaper,Word,Six,Deal,Kind,359,Source,75,Finish,326,Stand,Where,AP03,CT-5806-JWO,2027-09-19
2026-09-14,Nothing,LOT-92879466,Quarantined,2025-04-05,2026-10-29,2026-03-04,2026-04-20,2026-08-05,2027-09-05,2025-09-20,2024-03-06,130590469,2024-08-05,MAT-91309,2025-04-20,Ball,PK-582418,2025-01-04,LOT-92879466,2024-03-17,MAT-91309,American,Suddenly,Candidate,US01,Always,Almost,Pay,Coach,Clear,Media,295,Drop,342,Western,155,Usually,Today,EU02,CT-8015-GMQ,2027-12-30
2025-11-22,Break,LOT-93844966,Released,2025-08-21,2024-06-14,2025-12-02,2025-10-18,2025-05-01,2027-02-20,2024-08-07,2024-01-24,574527248,2024-02-08,MAT-91309,2026-05-21,Pressure,PK-405215,2024-01-28,LOT-93844966,2026-08-18,MAT-91309,Black,Head,See,LAT04,Movement,Notice,Eight,Throw,Enter,Get,372,Direction,222,Again,592,Hospital,All,AP03,CT-8015-GMQ,2027-04-23
2026-04-04,Recently,LOT-23670572,Quarantined,2023-11-24,2024-10-01,2025-09-20,2025-02-18,2024-11-20,2026-05-20,2025-10-09,2024-11-13,318383610,2026-07-22,MAT-91309,2024-12-23,See,PK-601137,2025-03-03,LOT-23670572,2024-11-21,MAT-91309,Rich,Result,Television,AP03,Action,Cold,Mrs,Down,Today,Morning,290,Treatment,15,Key,238,Wife,Decade,AP03,CT-8015-GMQ,2026-07-25
2023-12-02,Teacher,LOT-49095565,Quarantined,2023-12-18,2025-09-16,2026-06-19,2026-01-17,2024-09-03,2026-06-14,2026-03-11,2025-03-09,845734972,2026-02-08,MAT-74459,2025-06-17,Choice,PK-914567,2026-02-12,LOT-49095565,2024-02-10,MAT-74459,Professional,Four,Safe,LAT04,Consider,Something,Four,Establish,Phone,Read,149,Show,123,Soon,580,Front,Data,LAT04,CT-8015-GMQ,2026-07-21
2026-10-05,Expect,LOT-21570201,Released,2024-01-03,2026-03-14,2026-10-21,2025-06-26,2025-01-26,2026-12-22,2026-10-02,2026-03-18,312761634,2023-12-11,MAT-74459,2026-02-16,News,PK-846959,2024-12-19,LOT-21570201,2025-04-30,MAT-74459,To,See,Practice,LAT04,Election,Gas,Early,Apply,Until,Blood,6,Less,103,Money,130,Name,Use,EU02,CT-8015-GMQ,2027-02-14
2024-05-10,Ground,LOT-60549611,Released,2024-12-08,2025-06-15,2026-05-08,2025-03-28,2025-09-14,2027-09-25,2026-03-31,2026-04-08,337731167,2025-11-06,MAT-66331,2025-04-19,Under,PK-205747,2025-01-20,LOT-60549611,2024-03-27,MAT-66331,Establish,While,As,US01,Tv,Network,Large,White,Real,Including,204,Education,131,Section,574,Light,Institution,AP03,CT-8872-GKR,2027-11-03
2024-02-24,High,LOT-92214561,Released,2025-08-02,2023-12-19,2026-09-14,2026-04-30,2024-07-15,2027-10-18,2024-09-25,2023-11-26,115101909,2024-08-15,MAT-66331,2025-03-30,Other,PK-176992,2024-04-15,LOT-92214561,2024-02-10,MAT-66331,Summer,Forget,Old,EU02,Here,Pm,Change,Pressure,Site,Month,225,Eye,93,Option,45,Church,Bit,AP03,CT-8872-GKR,2027-12-09
2024-11-03,Institution,LOT-88132342,Released,2025-04-01,2024-06-06,2025-06-14,2023-11-19,2024-04-30,2026-05-17,2025-04-10,2024-08-26,409206263,2025-07-12,MAT-66331,2024-04-09,Tough,PK-908388,2025-07-22,LOT-88132342,2024-06-08,MAT-66331,Discuss,Result,Yourself,US01,Growth,Court,Agency,Energy,Exactly,Indeed,318,Yet,177,Movie,545,Wrong,Late,EU02,CT-8872-GKR,2026-09-09
2025-04-23,Situation,LOT-24028484,Hold,2024-12-28,2024-02-07,2026-05-04,2026-09-15,2026-04-28,2026-03-16,2026-07-30,2026-10-22,335195918,2025-03-04,MAT-23246,2026-05-21,Mouth,PK-853904,2024-09-29,LOT-24028484,2025-02-24,MAT-23246,Create,End,Beautiful,EU02,Itself,Indeed,Seven,Recently,Choose,Young,53,Mind,370,Job,416,Myself,Body,US01,CT-8872-GKR,2026-06-23
2026-09-10,Course,LOT-74130481,Quarantined,2025-07-12,2024-12-29,2024-09-28,2026-01-29,2025-02-11,2026-12-23,2026-07-28,2025-01-25,783741291,2025-10-17,MAT-23246,2024-05-15,Defense,PK-860395,2024-07-26,LOT-74130481,2025-12-27,MAT-23246,Visit,Write,Often,LAT04,Reveal,Exactly,Myself,Say,Reveal,Minute,44,Box,294,Performance,310,Almost,Military,LAT04,CT-8872-GKR,2027-03-23
2025-03-18,Say,LOT-51166600,Hold,2025-07-01,2024-12-22,2025-10-08,2026-06-29,2025-02-16,2028-06-14,2024-02-04,2024-01-01,768176148,2024-01-19,MAT-23246,2026-09-03,Free,PK-706854,2024-11-19,LOT-51166600,2024-02-20,MAT-23246,National,Accept,Arrive,US01,Be,Experience,Rock,Thus,Somebody,Visit,159,Blue,362,Yourself,154,Interesting,You,US01,CT-8872-GKR,2028-07-21
2025-04-28,Though,LOT-49329322,Released,2024-09-24,2025-02-14,2025-01-07,2026-10-10,2025-05-06,2025-11-05,2025-12-18,2025-10-19,970194810,2025-12-10,MAT-58804,2025-05-02,Fire,PK-169138,2026-04-27,LOT-49329322,2024-08-19,MAT-58804,Chance,Star,Term,EU02,Age,Woman,Specific,Rest,Discover,Away,159,Better,12,Look,491,Whether,Personal,US01,CT-8872-GKR,2026-01-23
2024-12-17,Draw,LOT-99508478,Released,2024-09-09,2026-04-19,2026-02-18,2023-12-25,2025-11-25,2026-10-22,2026-10-27,2025-09-23,113426705,2024-09-15,MAT-58804,2026-06-02,Last,PK-243942,2025-03-10,LOT-99508478,2026-01-19,MAT-58804,Article,Idea,Magazine,LAT04,Turn,Professor,Push,Today,Entire,Teacher,99,Pressure,329,Those,451,I,Idea,LAT04,CT-8872-GKR,2027-01-09
2025-06-12,Pull,LOT-36676116,Hold,2024-09-13,2026-08-24,2026-09-19,2025-09-14,2025-03-15,2027-08-31,2026-03-21,2024-05-17,353532380,2025-04-06,MAT-58804,2025-04-23,True,PK-189186,2025-06-12,LOT-36676116,2024-12-25,MAT-58804,Story,Third,Better,AP03,Each,Whether,Opportunity,Billion,Rate,General,43,Figure,141,Two,415,Example,Adult,LAT04,CT-8872-GKR,2027-10-13
2025-08-27,Idea,LOT-65372587,Quarantined,2023-12-29,2024-11-18,2026-03-04,2026-09-14,2026-06-15,2025-02-09,2025-04-16,2026-10-10,702528811,2026-10-10,MAT-14115,2024-02-26,Know,PK-672748,2025-02-13,LOT-65372587,2024-12-03,MAT-14115,Involve,Travel,Prevent,LAT04,Week,Blood,More,Player,Chair,Ago,15,Like,281,Still,533,Century,The,EU02,CT-1696-SCY,2025-03-26
2025-01-31,Learn,LOT-48273549,Released,2024-01-13,2025-03-21,2024-02-01,2026-07-05,2026-02-27,2025-03-04,2024-04-22,2025-05-18,222245816,2024-12-03,MAT-14115,2025-10-31,Country,PK-398276,2024-11-14,LOT-48273549,2025-11-18,MAT-14115,Clear,Appear,Them,US01,Speech,Race,Agency,Industry,Media,Sometimes,415,Do,156,Score,153,What,Under,AP03,CT-1696-SCY,2025-04-10
2026-04-06,Contain,LOT-44491067,Released,2025-06-11,2026-05-15,2024-01-15,2026-02-20,2026-08-09,2028-06-07,2026-02-15,2026-01-22,385562110,2023-12-07,MAT-78401,2025-03-22,Writer,PK-369198,2025-01-04,LOT-44491067,2024-08-30,MAT-78401,Report,Employee,Fall,AP03,Court,Ability,State,High,Price,Consumer,482,Edge,294,Movie,131,Collection,Worker,US01,CT-1696-SCY,2028-07-18
2025-07-19,Most,LOT-46656333,Hold,2025-04-19,2025-12-31,2026-05-05,2024-07-02,2024-07-09,2026-12-03,2025-03-10,2025-08-22,697546895,2024-09-19,MAT-78401,2024-09-09,Why,PK-414574,2026-10-13,LOT-46656333,2025-07-27,MAT-78401,Against,Teach,Data,AP03,You,Culture,Second,Maybe,Tonight,Apply,337,Add,253,Smile,172,Sport,Young,LAT04,CT-1696-SCY,2027-01-26
2026-03-19,Mr,LOT-63567190,Hold,2024-08-16,2024-08-18,2024-04-21,2025-08-18,2026-04-30,2027-08-13,2024-02-05,2024-08-04,354452040,2024-02-04,MAT-30703,2025-12-18,Later,PK-896232,2024-03-02,LOT-63567190,2024-04-11,MAT-30703,Unit,Sell,Pressure,AP03,For,Feel,Me,Toward,No,Its,410,Tree,124,Performance,388,Nor,Local,AP03,CT-3228-ZKT,2027-12-06
2025-10-29,Three,LOT-98018080,Hold,2024-10-02,2026-08-16,2026-05-17,2026-09-01,2026-05-08,2026-12-09,2026-01-20,2023-12-15,496684427,2024-06-26,MAT-30703,2024-08-15,Pay,PK-490460,2025-08-12,LOT-98018080,2026-02-20,MAT-30703,About,Fish,Hospital,US01,Ask,Arm,Garden,Much,Girl,Poor,73,Charge,281,While,12,At,Offer,EU02,CT-3228-ZKT,2027-02-19
2025-08-30,Role,LOT-67845376,Hold,2025-05-03,2024-01-16,2025-12-24,2024-03-19,2026-06-21,2026-12-11,2025-03-03,2024-11-13,566072571,2026-04-30,MAT-30703,2025-05-28,Everything,PK-100660,2024-07-03,LOT-67845376,2025-03-21,MAT-30703,Cell,Old,Cell,US01,Along,Issue,Budget,Which,Return,Over,449,Animal,220,Cut,106,Down,Task,US01,CT-3228-ZKT,2027-01-25
2026-04-04,Present,LOT-56689918,Released,2024-03-18,2025-10-19,2025-03-28,2024-10-18,2026-01-06,2027-02-21,2026-07-12,2024-01-18,116813495,2024-03-25,MAT-30703,2026-01-06,Morning,PK-725298,2026-05-07,LOT-56689918,2025-03-30,MAT-30703,Whether,Cut,Keep,EU02,Success,Talk,Mother,Animal,Quality,Suffer,215,Field,284,Talk,184,Board,Owner,LAT04,CT-3228-ZKT,2027-06-16
2026-06-30,Professional,LOT-63418468,Quarantined,2025-03-17,2026-03-21,2025-09-28,2025-02-07,2026-06-21,2027-01-01,2025-01-14,2025-02-28,162064685,2026-04-23,MAT-61362,2024-07-28,Social,PK-993434,2024-02-15,LOT-63418468,2026-01-12,MAT-61362,According,Whom,South,US01,Hit,True,Participant,Treatment,Admit,Make,494,Physical,228,Spend,349,Bad,Necessary,US01,CT-3228-ZKT,2027-04-29
2025-04-15,Evening,LOT-44501033,Quarantined,2024-03-20,2024-02-05,2024-06-29,2024-10-06,2026-11-10,2026-03-18,2026-03-19,2024-06-07,439532353,2024-03-19,MAT-61362,2026-02-21,Area,PK-721557,2024-11-15,LOT-44501033,2024-12-31,MAT-61362,Begin,Model,Recognize,AP03,Carry,Certain,Like,Find,Good,Offer,492,Office,328,Reason,512,Newspaper,Item,US01,CT-3228-ZKT,2026-05-23
2026-08-03,Old,LOT-82054650,Hold,2024-02-16,2025-10-21,2026-03-09,2026-03-31,2025-07-20,2025-02-19,2025-09-22,2024-10-17,550721551,2026-02-04,MAT-61362,2025-01-23,Hit,PK-401365,2025-11-01,LOT-82054650,2026-03-24,MAT-61362,Him,List,Tree,US01,Road,Without,Risk,One,Action,Street,299,Challenge,173,Notice,264,Citizen,Station,LAT04,CT-3228-ZKT,2025-04-16
2025-08-01,Follow,LOT-54364032,Hold,2025-07-28,2025-02-05,2026-02-06,2025-12-21,2024-11-17,2027-02-24,2026-06-09,2024-01-31,700774678,2026-03-08,MAT-61362,2026-10-23,Fire,PK-102474,2024-08-10,LOT-54364032,2026-08-31,MAT-61362,Similar,Recognize,Least,AP03,Industry,Reduce,Reason,Guy,Under,Detail,221,Head,160,Energy,336,Laugh,Dream,AP03,CT-3228-ZKT,2027-05-16
2024-06-13,Anyone,LOT-57780542,Hold,2025-01-14,2024-04-27,2025-03-30,2023-12-15,2024-09-07,2026-03-10,2025-04-26,2025-06-05,906128301,2026-08-08,MAT-18409,2024-06-13,Then,PK-255703,2023-12-31,LOT-57780542,2024-03-05,MAT-18409,Why,Town,Pick,EU02,Pm,Believe,Carry,Side,Word,Time,89,Part,399,Black,82,Stock,Official,AP03,CT-3228-ZKT,2026-06-28
2026-09-09,Best,LOT-60873216,Released,2024-12-09,2024-01-25,2026-11-02,2026-10-31,2025-12-18,2025-12-23,2025-08-23,2025-11-08,292942821,2026-06-25,MAT-18409,2025-02-28,Successful,PK-467808,2026-04-02,LOT-60873216,2026-07-18,MAT-18409,Amount,Whole,Yard,LAT04,These,Game,Man,Entire,Can,Contain,38,Catch,252,Citizen,167,Close,I,US01,CT-3228-ZKT,2026-02-19
2025-12-16,Expect,LOT-24674076,Quarantined,2024-03-04,2026-01-27,2025-10-02,2026-08-05,2024-05-28,2025-05-05,2024-01-12,2024-06-21,520843105,2025-06-19,MAT-18409,2024-04-23,Bit,PK-948961,2024-03-09,LOT-24674076,2026-09-10,MAT-18409,Traditional,Enter,Down,US01,Day,Risk,Each,Need,Reveal,Choose,4,Letter,281,Add,254,Pay,Chance,AP03,CT-3228-ZKT,2025-07-16
2025-02-07,Skin,LOT-97567509,Quarantined,2025-06-08,2026-05-04,2025-01-07,2026-05-31,2025-12-15,2027-07-08,2025-03-20,2026-03-22,668869708,2025-07-30,MAT-18409,2024-10-03,Chance,PK-703192,2024-07-06,LOT-97567509,2024-12-02,MAT-18409,School,Wind,Establish,LAT04,Poor,Relate,Page,Force,Tell,Detail,136,Must,245,Admit,184,Discuss,Quickly,LAT04,CT-3228-ZKT,2027-10-22
2025-07-16,Less,LOT-38707248,Hold,2025-04-04,2026-03-21,2024-02-22,2024-10-25,2026-08-11,2027-04-24,2025-01-31,2025-06-16,768852718,2025-01-30,MAT-58266,2025-08-19,Movie,PK-587841,2026-05-15,LOT-38707248,2025-09-21,MAT-58266,News,Congress,Suggest,US01,Style,Anything,Investment,Father,Itself,Manage,401,American,24,Fire,455,Member,Big,US01,CT-3228-ZKT,2027-07-10
2024-09-16,Garden,LOT-73483649,Quarantined,2025-02-27,2025-11-16,2025-11-04,2024-01-31,2025-02-17,2026-06-15,2025-04-06,2026-10-28,798526376,2024-06-17,MAT-58266,2026-03-14,Participant,PK-389558,2024-04-09,LOT-73483649,2024-12-16,MAT-58266,Nor,Majority,Soon,AP03,Pass,Quickly,To,Main,Full,Machine,171,Contain,309,Quickly,438,Tonight,Feeling,AP03,CT-3228-ZKT,2026-10-08
2026-07-04,Up,LOT-99078202,Released,2025-04-11,2024-09-05,2024-07-14,2024-04-10,2024-03-24,2027-02-18,2024-09-13,2025-10-22,974042718,2024-04-01,MAT-23465,2025-04-09,Theory,PK-987048,2026-07-06,LOT-99078202,2025-08-08,MAT-23465,Goal,Say,Tonight,US01,Reflect,Cell,Write,West,Else,Nation,168,Vote,364,Green,197,Game,Provide,US01,CT-6910-RDE,2027-05-31
2025-07-31,Set,LOT-11992270,Released,2024-12-01,2024-06-09,2025-12-15,2026-05-11,2025-11-27,2026-12-29,2024-12-06,2026-09-17,617178976,2025-11-10,MAT-23465,2026-01-18,Author,PK-874525,2025-12-11,LOT-11992270,2023-12-15,MAT-23465,Red,Cold,Traditional,LAT04,Rock,Figure,Glass,Wall,Marriage,Suddenly,478,Matter,116,Agent,478,New,Room,LAT04,CT-6910-RDE,2027-03-09
2025-10-07,Build,LOT-57705062,Quarantined,2023-11-19,2024-03-21,2026-10-03,2025-12-05,2023-11-14,2024-12-08,2026-09-18,2026-02-24,111224126,2024-04-08,MAT-23465,2025-10-27,Bad,PK-575444,2025-06-09,LOT-57705062,2025-11-22,MAT-23465,Thing,Rest,Practice,EU02,Character,Consumer,Floor,Hair,Get,Girl,153,Herself,383,Politics,432,Sign,Kitchen,US01,CT-6910-RDE,2025-02-02
2024-02-16,Ago,LOT-31271496,Quarantined,2024-05-04,2024-05-02,2026-02-09,2025-04-09,2025-09-18,2026-08-01,2025-11-23,2024-03-19,787467583,2026-02-25,MAT-33689,2025-02-12,Trial,PK-279356,2026-08-25,LOT-31271496,2026-08-09,MAT-33689,Down,Family,Life,US01,Art,Mother,Think,Some,Loss,Husband,44,As,132,Stay,193,Eye,Agree,LAT04,CT-6910-RDE,2026-09-24
2025-06-06,Necessary,LOT-34308389,Quarantined,2025-06-04,2025-03-25,2026-03-13,2026-02-17,2023-12-21,2027-12-25,2025-04-24,2025-10-14,539250461,2025-09-10,MAT-33689,2024-10-07,Six,PK-774019,2026-05-26,LOT-34308389,2025-10-20,MAT-33689,Whom,Present,Pretty,LAT04,Reflect,Somebody,Skill,Over,Reality,A,399,Scientist,8,Travel,54,Me,Front,LAT04,CT-6910-RDE,2028-03-01
2025-02-22,Machine,LOT-79555656,Quarantined,2023-12-14,2026-09-06,2025-11-15,2025-11-01,2026-04-08,2026-08-02,2025-03-14,2026-09-25,339693971,2024-04-19,MAT-33689,2025-06-26,Close,PK-124474,2024-07-05,LOT-79555656,2026-06-27,MAT-33689,Marriage,Majority,Either,EU02,Case,I,Current,Significant,Wait,Century,306,Drug,308,Organization,271,Collection,Approach,US01,CT-6910-RDE,2026-09-17
2025-08-01,Site,LOT-42199452,Hold,2024-01-03,2025-03-23,2025-03-05,2024-04-03,2025-02-22,2026-02-20,2023-12-17,2025-04-28,350953517,2023-11-27,MAT-33689,2024-03-08,Care,PK-743404,2025-07-10,LOT-42199452,2026-06-21,MAT-33689,Time,Marriage,Tree,US01,Mention,Boy,Free,Out,Travel,Difference,369,Let,155,Government,459,Option,Lead,US01,CT-6910-RDE,2026-04-14
2025-02-21,Company,LOT-37189202,Hold,2024-12-07,2024-04-05,2024-08-31,2025-12-21,2025-05-19,2027-03-07,2025-08-17,2025-08-14,238670235,2023-11-19,MAT-22108,2024-01-13,Fine,PK-198477,2025-11-17,LOT-37189202,2025-03-04,MAT-22108,Many,Score,Others,EU02,Think,Guess,Ground,Send,Late,Actually,76,Society,240,Organization,115,Interview,Chance,EU02,CT-6910-RDE,2027-06-04
2025-02-09,Together,LOT-34198332,Released,2025-07-16,2023-12-19,2025-02-25,2025-01-27,2024-06-26,2026-11-08,2024-01-25,2026-02-14,928896287,2025-10-02,MAT-22108,2025-12-26,Through,PK-286065,2025-09-03,LOT-34198332,2024-06-29,MAT-22108,Avoid,Daughter,Age,AP03,Everything,Tell,Man,Professional,Road,Protect,197,Tax,218,Street,149,Together,Process,LAT04,CT-6910-RDE,2026-12-28
2024-04-01,Perform,LOT-34166590,Quarantined,2025-06-30,2026-01-03,2026-11-06,2024-11-07,2025-04-20,2027-08-23,2024-02-01,2025-12-08,868111137,2023-12-19,MAT-22108,2025-08-04,Issue,PK-864574,2025-06-01,LOT-34166590,2024-01-27,MAT-22108,Manage,Above,Bank,AP03,Manager,Use,Discover,Unit,Left,Several,236,Feeling,138,Friend,5,Local,Wish,AP03,CT-6910-RDE,2027-10-29
2026-10-25,Agreement,LOT-16824774,Hold,2024-07-24,2025-02-20,2025-04-10,2026-10-16,2024-04-28,2025-09-28,2026-06-25,2023-12-15,559476775,2024-01-03,MAT-93657,2026-03-09,Option,PK-166840,2025-08-09,LOT-16824774,2025-01-15,MAT-93657,Improve,Them,Majority,LAT04,Kid,Result,Morning,Information,Different,Be,8,Officer,224,Company,305,Lose,Behind,US01,CT-6910-RDE,2025-11-26
2024-01-10,Care,LOT-14364098,Released,2025-06-29,2024-09-21,2024-10-19,2023-11-24,2025-01-03,2028-06-06,2024-05-05,2026-11-01,118284590,2026-05-20,MAT-93657,2026-03-16,Seat,PK-879401,2025-02-05,LOT-14364098,2024-07-30,MAT-93657,Serious,Rather,Behind,EU02,Job,American,Arm,Investment,Man,Rise,177,Need,178,Spring,9,Soon,Mention,LAT04,CT-6910-RDE,2028-07-28
2026-05-22,Season,LOT-45571743,Quarantined,2023-12-02,2026-07-17,2025-05-04,2025-06-29,2026-02-26,2025-05-24,2025-12-28,2025-02-11,582851328,2024-08-17,MAT-16848,2024-04-20,Hospital,PK-211644,2026-01-03,LOT-45571743,2025-09-25,MAT-16848,Particularly,Town,Picture,AP03,Check,Culture,Life,With,Hold,Choice,65,Then,50,Tough,46,Detail,And,AP03,CT-8742-ECD,2025-09-21
2026-09-18,Institution,LOT-48781281,Quarantined,2023-12-28,2025-10-14,2023-11-25,2025-10-30,2024-02-07,2025-05-21,2026-07-23,2024-09-17,924672903,2026-07-28,MAT-16848,2026-06-23,Live,PK-289430,2024-11-02,LOT-48781281,2026-03-03,MAT-16848,Use,Notice,Write,US01,Indicate,Hospital,Soon,Thus,Relationship,Decade,247,Environmental,48,Degree,527,Rock,Each,AP03,CT-8742-ECD,2025-07-06
2026-10-10,Agency,LOT-94846184,Hold,2024-02-06,2025-04-20,2025-05-10,2024-04-30,2025-09-17,2026-06-19,2024-06-26,2024-09-23,264813802,2023-12-24,MAT-47254,2025-03-20,Mission,PK-164412,2024-11-11,LOT-94846184,2025-12-30,MAT-47254,Minute,Though,Question,EU02,Old,Laugh,Social,Yard,Night,Tax,272,Coach,397,Wife,49,Mr,Strategy,US01,CT-8742-ECD,2026-09-29
2024-07-28,Sign,LOT-83111741,Released,2024-09-11,2025-07-29,2026-09-10,2024-05-06,2026-10-29,2027-07-24,2024-11-21,2025-05-18,658261195,2024-03-05,MAT-47254,2026-06-16,Capital,PK-595568,2024-10-05,LOT-83111741,2024-09-22,MAT-47254,Truth,Choose,Same,AP03,Machine,Claim,Car,When,Approach,Story,51,Move,353,Ok,469,Staff,Front,US01,CT-8742-ECD,2027-09-06
2025-06-11,Half,LOT-96926481,Hold,2024-08-19,2025-03-02,2025-08-18,2025-12-03,2024-04-18,2025-12-19,2024-05-28,2025-05-22,804185184,2025-04-22,MAT-15875,2023-12-27,End,PK-715720,2025-03-17,LOT-96926481,2024-04-06,MAT-15875,Require,Yes,Bill,US01,Wall,Customer,Put,Well,Question,Part,114,Drive,332,Author,510,Political,Young,EU02,CT-8742-ECD,2026-02-17
2025-10-30,View,LOT-26310890,Quarantined,2025-07-12,2026-04-13,2026-10-20,2024-09-04,2024-12-06,2027-07-02,2024-10-18,2024-10-04,678879499,2026-09-06,MAT-15875,2026-09-23,Science,PK-990714,2024-10-07,LOT-26310890,2024-05-01,MAT-15875,Animal,Consider,Position,EU02,Response,Because,System,Me,Simple,Tv,368,Strong,194,Miss,542,Me,Inside,US01,CT-8742-ECD,2027-08-19
2024-06-22,Improve,LOT-54560092,Quarantined,2024-06-20,2025-05-03,2024-07-22,2024-06-16,2024-07-13,2026-11-06,2024-03-27,2026-08-23,916943303,2023-12-11,MAT-15875,2026-05-19,Boy,PK-479582,2026-06-07,LOT-54560092,2026-05-21,MAT-15875,Unit,Stop,Great,US01,Fear,Into,Child,If,Make,Sure,455,International,294,Simply,367,Office,Image,AP03,CT-8742-ECD,2027-01-02
2025-11-01,Challenge,LOT-61778837,Quarantined,2024-09-23,2024-01-24,2026-10-10,2025-05-05,2025-10-26,2025-11-20,2024-12-01,2025-09-06,502538878,2024-09-29,MAT-15875,2024-02-23,Student,PK-114936,2026-09-21,LOT-61778837,2024-12-18,MAT-15875,Shake,Market,Young,EU02,Bag,Such,Case,Father,Stop,Lead,415,Better,304,Floor,115,Movement,Large,AP03,CT-8742-ECD,2026-01-18
2025-09-10,Care,LOT-71950782,Released,2024-07-23,2026-05-09,2026-06-04,2025-05-23,2025-06-17,2027-06-26,2026-10-04,2024-08-30,478106652,2023-12-01,MAT-47140,2026-09-03,Career,PK-256859,2024-11-16,LOT-71950782,2025-12-19,MAT-47140,Talk,Quite,Media,US01,Rule,Might,Song,Onto,Exactly,Tell,306,Help,309,Much,474,Because,Street,US01,CT-8742-ECD,2027-09-24
2026-03-01,Remain,LOT-77179223,Quarantined,2024-03-24,2026-06-15,2025-12-10,2025-06-02,2026-01-25,2026-04-27,2025-11-08,2025-10-16,546598128,2025-12-11,MAT-47140,2024-06-04,Compare,PK-106365,2026-07-04,LOT-77179223,2026-08-14,MAT-47140,Successful,Make,Environmental,AP03,Beat,Laugh,Same,More,Point,When,31,Today,192,Our,107,Suggest,Relationship,AP03,CT-8742-ECD,2026-07-20
2026-08-16,Especially,LOT-99482219,Hold,2025-01-06,2026-10-25,2025-08-01,2024-09-24,2026-03-27,2027-01-22,2025-07-23,2025-12-06,183593277,2025-03-07,MAT-47140,2025-03-20,Financial,PK-832747,2024-02-29,LOT-99482219,2024-08-16,MAT-47140,Surface,Training,Do,LAT04,State,Newspaper,Visit,Scientist,Challenge,Language,9,Phone,178,Future,135,Low,Foot,US01,CT-8742-ECD,2027-04-12
2026-02-18,May,LOT-97576608,Quarantined,2025-01-16,2023-11-29,2026-05-28,2025-10-22,2026-03-24,2028-01-14,2025-10-16,2026-08-20,561759513,2025-05-24,MAT-47140,2024-12-15,Court,PK-431205,2024-12-14,LOT-97576608,2025-06-21,MAT-47140,Democrat,Air,Gun,LAT04,Appear,Focus,True,Opportunity,Discover,However,56,Physical,93,Each,217,Field,Section,US01,CT-8742-ECD,2028-03-27
2024-07-21,Subject,LOT-73100049,Quarantined,2024-07-07,2024-03-17,2024-12-04,2025-09-07,2024-07-14,2026-06-22,2026-09-03,2025-08-19,812990806,2025-01-17,MAT-58634,2025-08-23,Look,PK-869348,2025-06-12,LOT-73100049,2024-08-18,MAT-58634,It,Ago,Yard,AP03,Teach,Certainly,Experience,No,Go,Recognize,434,Career,326,Low,406,Receive,Those,US01,CT-7047-GQC,2026-09-27
2025-07-02,Involve,LOT-61967620,Hold,2024-02-24,2024-10-08,2024-04-01,2024-04-28,2025-04-29,2025-02-27,2025-05-30,2024-05-29,392800908,2026-02-24,MAT-58634,2023-12-26,Environmental,PK-648901,2026-06-17,LOT-61967620,2025-08-06,MAT-58634,Anything,Quite,At,LAT04,Through,Green,Try,Official,Take,Say,387,Democrat,91,Trial,286,Over,Fly,EU02,CT-7047-GQC,2025-04-02
2025-10-11,Toward,LOT-51540998,Released,2024-05-14,2025-06-21,2026-03-28,2024-02-04,2024-06-05,2025-10-25,2024-12-04,2024-12-09,702852289,2025-02-28,MAT-58634,2024-10-14,Play,PK-859249,2024-04-04,LOT-51540998,2024-04-10,MAT-58634,Describe,Take,Degree,LAT04,Free,Machine,Those,Certain,What,Station,372,Open,146,Term,269,Always,Decide,AP03,CT-7047-GQC,2026-01-01
2025-06-23,Your,LOT-66613397,Released,2024-03-16,2025-08-11,2026-09-13,2026-06-07,2026-03-22,2025-11-03,2024-05-08,2026-03-05,228607884,2024-09-21,MAT-18097,2024-07-12,Recent,PK-959295,2025-12-18,LOT-66613397,2026-03-05,MAT-18097,Number,Important,Leave,EU02,Size,Kid,Account,Go,Prepare,Look,327,Scene,198,Space,418,Much,Someone,US01,CT-7047-GQC,2026-03-02
2024-01-21,Significant,LOT-70117079,Quarantined,2024-12-06,2025-05-30,2026-06-07,2025-11-04,2026-05-19,2027-08-17,2025-02-11,2026-06-07,941487522,2024-04-01,MAT-18097,2025-12-23,Almost,PK-571667,2025-09-10,LOT-70117079,2025-03-25,MAT-18097,These,Clear,Quickly,AP03,Person,Professional,List,But,Them,Would,296,Present,354,Staff,504,Recognize,Address,LAT04,CT-7047-GQC,2027-10-31
2026-07-20,Animal,LOT-41222298,Hold,2025-03-12,2026-01-28,2026-03-08,2024-08-14,2026-01-27,2027-09-18,2025-10-27,2025-07-23,335785683,2026-01-03,MAT-92337,2025-02-28,Measure,PK-764241,2024-12-21,LOT-41222298,2024-04-21,MAT-92337,Family,Including,Answer,AP03,Hotel,Remain,Size,Activity,Data,Set,201,Foot,16,Customer,83,Expert,Activity,US01,CT-7047-GQC,2027-12-08
2025-05-20,Particularly,LOT-71110407,Quarantined,2024-08-08,2025-03-21,2025-12-12,2024-05-02,2026-02-12,2025-11-10,2026-08-18,2025-12-22,489544173,2025-02-17,MAT-92337,2025-01-22,Big,PK-562806,2026-03-20,LOT-71110407,2026-10-23,MAT-92337,Middle,Get,Man,LAT04,Little,Apply,Born,Hit,Leg,Involve,141,Suffer,85,Drop,345,Adult,First,LAT04,CT-7047-GQC,2025-12-31
2024-02-05,Assume,LOT-60968631,Quarantined,2025-05-03,2024-10-12,2026-05-14,2025-07-31,2026-09-08,2026-10-17,2025-10-26,2024-10-25,736735468,2025-09-24,MAT-37872,2026-07-07,Turn,PK-223716,2025-01-14,LOT-60968631,2025-04-03,MAT-37872,Total,Whatever,Economy,EU02,Analysis,Fund,Receive,All,Soldier,Bit,380,Visit,198,Skin,500,Affect,Agree,LAT04,CT-1816-RCG,2026-12-03
2024-12-19,Past,LOT-73297905,Released,2025-08-31,2025-03-30,2023-12-25,2025-04-24,2025-08-07,2027-10-04,2025-11-10,2024-08-30,133379762,2026-08-09,MAT-37872,2024-08-07,Role,PK-299338,2026-07-21,LOT-73297905,2026-01-17,MAT-37872,Age,Medical,Discover,EU02,Both,Defense,Relationship,Ever,Evidence,Like,425,Politics,346,Suggest,561,East,Range,AP03,CT-1816-RCG,2027-11-08
2023-12-17,Must,LOT-19895402,Released,2024-10-02,2024-11-14,2025-11-16,2024-12-24,2024-11-23,2026-05-19,2025-04-14,2025-01-11,987323996,2025-03-28,MAT-55297,2024-02-09,Financial,PK-660170,2024-01-30,LOT-19895402,2024-01-13,MAT-55297,They,Explain,Stand,US01,Seven,May,Style,Defense,Dream,Blood,114,They,126,Involve,454,Measure,Everyone,AP03,CT-1816-RCG,2026-06-23
2024-01-07,Himself,LOT-36343625,Quarantined,2024-09-26,2026-10-05,2026-10-02,2025-07-27,2026-06-12,2025-10-11,2024-03-10,2026-09-20,209188411,2025-01-20,MAT-55297,2026-11-07,Civil,PK-188946,2024-10-26,LOT-36343625,2025-08-14,MAT-55297,Special,Out,Chance,AP03,Listen,Near,Measure,Agent,Good,Perhaps,418,Their,211,Listen,323,Which,Act,US01,CT-1816-RCG,2026-01-04
2026-02-23,Old,LOT-57559766,Hold,2024-07-12,2026-03-02,2025-03-26,2025-11-13,2026-03-30,2025-09-05,2024-08-01,2024-06-24,720083355,2023-12-28,MAT-14039,2026-08-01,Performance,PK-982159,2025-04-24,LOT-57559766,2026-10-01,MAT-14039,Order,Friend,Bank,US01,Herself,Leader,Name,Chance,Economic,Later,71,Still,301,Statement,395,Heart,Agreement,EU02,CT-6109-EDZ,2025-12-23
2024-07-06,Say,LOT-83708194,Released,2024-05-12,2025-11-23,2026-03-10,2025-09-28,2024-06-07,2026-02-22,2024-09-12,2025-08-05,142906838,2025-07-17,MAT-14039,2023-12-25,Quickly,PK-112117,2024-05-17,LOT-83708194,2026-01-28,MAT-14039,Fund,Management,Ready,AP03,Summer,Along,Involve,Drop,Sign,Color,8,That,73,Total,3,Back,Relate,LAT04,CT-6109-EDZ,2026-05-07
2025-06-13,Religious,LOT-51723458,Released,2025-02-28,2023-12-29,2024-05-14,2025-12-08,2024-06-01,2027-09-04,2026-10-10,2025-07-14,854981163,2025-01-22,MAT-14039,2024-08-03,Control,PK-485454,2024-02-23,LOT-51723458,2025-10-02,MAT-14039,Class,Ok,Your,US01,Memory,Involve,Cost,Toward,End,Me,136,Candidate,109,Middle,296,Full,Thing,US01,CT-6109-EDZ,2027-10-18
2025-03-04,Determine,LOT-86190416,Quarantined,2025-02-21,2024-08-13,2025-05-20,2024-02-12,2024-12-09,2026-07-12,2024-10-28,2024-01-28,278428505,2025-05-16,MAT-14039,2026-05-07,Until,PK-859083,2024-03-06,LOT-86190416,2026-10-07,MAT-14039,Cover,Up,Site,EU02,Newspaper,Case,Plan,Story,Edge,Wall,453,Agreement,174,Stand,74,Yes,Ask,EU02,CT-6109-EDZ,2026-09-07
2026-02-22,Their,LOT-31019227,Hold,2024-07-18,2024-09-17,2026-08-12,2025-01-10,2026-07-16,2026-06-17,2026-11-02,2024-10-09,950486170,2026-11-09,MAT-86168,2024-06-04,Personal,PK-183016,2024-05-30,LOT-31019227,2025-05-14,MAT-86168,Provide,Democrat,Watch,LAT04,Picture,Matter,Base,Stock,Get,Start,268,General,367,Usually,336,Into,Step,EU02,CT-6109-EDZ,2026-09-21
2025-06-28,Pass,LOT-17958339,Released,2024-07-28,2025-02-11,2025-08-17,2026-07-07,2025-06-15,2027-07-20,2024-01-21,2024-10-08,133551454,2024-07-06,MAT-86168,2025-08-08,Land,PK-809097,2026-01-28,LOT-17958339,2025-09-08,MAT-86168,Officer,Thought,Her,AP03,Right,Yard,Question,Whose,Easy,Clear,177,Budget,194,Loss,382,Pm,Fast,LAT04,CT-6109-EDZ,2027-11-17
2024-05-15,Mention,LOT-49441641,Quarantined,2025-05-30,2025-10-05,2024-09-14,2025-06-07,2025-11-23,2026-07-19,2026-09-23,2025-07-21,573153218,2024-01-12,MAT-86168,2025-11-20,Party,PK-259189,2026-10-07,LOT-49441641,2024-12-21,MAT-86168,Large,Particular,Hotel,EU02,Successful,New,Month,Executive,Ever,Line,130,Bar,45,Much,81,Throw,Maintain,US01,CT-6109-EDZ,2026-09-25
2025-05-22,Guess,LOT-70811881,Quarantined,2025-05-29,2024-04-30,2025-01-07,2025-03-19,2026-07-26,2026-09-05,2025-07-17,2024-03-02,540793732,2026-05-27,MAT-86168,2024-07-22,Eat,PK-882453,2024-12-31,LOT-70811881,2025-05-29,MAT-86168,Meeting,Medical,Understand,US01,Born,Prevent,Concern,Happy,Wife,Rich,139,Require,92,Road,312,Task,Couple,US01,CT-6109-EDZ,2026-11-15
2025-06-01,Light,LOT-72460791,Released,2024-03-08,2024-12-18,2026-08-17,2024-05-30,2026-01-18,2026-08-09,2024-01-13,2025-02-25,400723977,2026-01-29,MAT-16627,2026-07-30,Television,PK-303144,2024-09-17,LOT-72460791,2024-04-20,MAT-16627,Same,Practice,Price,US01,Third,Hospital,Line,Ahead,On,Bed,72,Win,155,Direction,589,Officer,Eat,US01,CT-9831-IEW,2026-11-28
2023-11-17,Draw,LOT-17670878,Released,2024-08-15,2024-06-05,2026-09-12,2026-08-02,2026-04-03,2025-08-26,2024-03-21,2025-06-07,812540824,2025-07-03,MAT-16627,2025-12-17,Tree,PK-149376,2023-12-20,LOT-17670878,2024-05-22,MAT-16627,Coach,Score,Hundred,LAT04,Partner,Republican,Democrat,Condition,Attention,Responsibility,235,But,174,Together,225,Study,Guess,US01,CT-9831-IEW,2025-12-17
2024-09-26,Respond,LOT-99664516,Hold,2024-11-14,2024-06-24,2026-10-30,2024-10-06,2024-12-29,2027-04-18,2026-08-11,2026-06-07,148896086,2026-01-25,MAT-33775,2025-08-13,Resource,PK-289841,2024-03-25,LOT-99664516,2026-01-03,MAT-33775,She,Cover,Skin,EU02,Party,Bar,Clearly,Level,Discover,Both,353,Out,42,Red,442,Late,How,AP03,CT-9831-IEW,2027-08-07
2024-12-19,House,LOT-26376337,Hold,2023-11-16,2026-09-01,2025-06-17,2025-01-14,2026-07-16,2026-09-04,2025-05-04,2026-09-16,252036346,2026-02-05,MAT-33775,2024-09-19,Three,PK-998286,2024-05-30,LOT-26376337,2025-08-10,MAT-33775,Job,Dream,Nor,LAT04,Effort,Detail,Field,Sing,Standard,Per,110,Serve,30,Carry,481,Mother,Reach,US01,CT-9831-IEW,2026-11-09
2024-03-01,See,LOT-57874485,Hold,2024-06-07,2025-04-20,2025-04-19,2024-09-01,2025-05-10,2025-11-17,2026-10-02,2026-09-25,969401348,2025-11-14,MAT-16078,2026-08-26,Actually,PK-430405,2025-02-11,LOT-57874485,2024-12-27,MAT-16078,Long,My,Analysis,EU02,Respond,Town,Truth,Reality,Smile,Option,490,Good,282,System,452,Others,Gun,AP03,CT-9831-IEW,2025-12-21
2024-11-04,South,LOT-82476241,Released,2024-04-22,2026-10-01,2025-05-28,2024-01-02,2026-05-23,2025-06-26,2026-04-06,2026-02-18,171369251,2026-04-28,MAT-16078,2024-02-04,Exist,PK-784950,2025-09-27,LOT-82476241,2025-11-08,MAT-16078,Evidence,House,Someone,US01,Whom,Kind,Today,Purpose,Life,With,284,Week,142,Mind,225,Factor,Should,AP03,CT-9831-IEW,2025-10-16
2024-08-02,Blue,LOT-54732004,Released,2025-08-10,2024-09-13,2025-11-28,2026-02-26,2024-01-09,2028-04-03,2025-08-02,2024-08-20,992330320,2025-07-18,MAT-49651,2026-03-20,According,PK-235721,2026-04-11,LOT-54732004,2024-08-29,MAT-49651,Difference,Prevent,Standard,AP03,Reduce,Create,Hit,Real,Job,End,293,Lay,59,Pm,574,Determine,Civil,LAT04,CT-9831-IEW,2028-05-05
2026-01-13,Story,LOT-46257312,Hold,2025-03-21,2026-06-11,2024-01-29,2024-08-17,2025-03-20,2027-11-30,2024-12-10,2024-09-27,892363649,2026-04-26,MAT-49651,2025-02-27,A,PK-235994,2025-05-03,LOT-46257312,2026-06-08,MAT-49651,Show,Indicate,Voice,EU02,Tend,Model,Owner,Method,Cultural,Too,398,Radio,172,Image,330,Benefit,Beautiful,EU02,CT-9831-IEW,2028-01-15
2025-07-31,Race,LOT-18410275,Quarantined,2023-12-03,2025-08-14,2026-01-17,2025-07-30,2023-11-16,2026-02-02,2024-10-12,2025-06-03,621642205,2026-09-25,MAT-49651,2024-06-17,Attack,PK-464814,2025-07-24,LOT-18410275,2024-11-21,MAT-49651,Various,Make,Create,US01,Energy,Role,Easy,Consumer,School,Section,20,Truth,355,Career,295,Produce,Game,US01,CT-9831-IEW,2026-04-02
2024-08-28,Claim,LOT-70273170,Hold,2024-01-09,2025-01-19,2026-02-02,2025-05-11,2025-12-16,2025-03-21,2025-08-22,2024-05-21,137514437,2025-08-12,MAT-49651,2024-09-23,Religious,PK-131810,2026-07-27,LOT-70273170,2025-07-07,MAT-49651,Always,Maybe,Simple,AP03,Organization,Maybe,Become,Or,Set,Even,320,Itself,298,Entire,43,Market,Miss,US01,CT-9831-IEW,2025-04-27
2024-06-21,Moment,LOT-13344610,Hold,2024-06-29,2026-10-17,2024-05-12,2024-07-19,2024-12-26,2026-12-16,2025-11-09,2026-04-28,776714281,2023-11-16,MAT-34899,2024-08-10,Education,PK-122812,2025-03-07,LOT-13344610,2025-02-09,MAT-34899,Set,Action,Should,LAT04,Field,Responsibility,Color,Ground,National,Stop,233,Rock,63,Air,366,Explain,Free,US01,CT-3395-UCM,2027-03-26
2024-09-03,Later,LOT-10817867,Hold,2024-03-08,2024-02-11,2025-05-20,2024-12-09,2024-10-22,2025-11-17,2024-07-21,2026-06-24,689025508,2024-08-05,MAT-34899,2025-02-17,Determine,PK-250394,2024-07-31,LOT-10817867,2026-10-22,MAT-34899,Find,Truth,Become,EU02,Last,Employee,Nation,Wonder,Information,Buy,473,Mouth,290,Dream,117,Range,Pattern,EU02,CT-3395-UCM,2026-02-04
2024-08-19,Still,LOT-30151730,Hold,2025-07-21,2026-10-31,2025-11-26,2025-03-18,2025-10-31,2027-03-31,2024-03-09,2025-10-25,636429314,2025-07-08,MAT-40706,2026-11-06,Dog,PK-456024,2026-01-19,LOT-30151730,2025-05-16,MAT-40706,Mrs,Region,Size,LAT04,Attack,Seven,There,Born,Dog,Think,390,Present,1,Debate,160,Until,Simply,EU02,CT-3395-UCM,2027-05-31
2026-06-14,Interest,LOT-62442527,Hold,2024-04-22,2024-06-15,2023-12-16,2024-09-14,2026-09-24,2025-09-06,2026-06-26,2025-06-12,162811667,2024-10-09,MAT-40706,2025-06-09,And,PK-258530,2024-08-23,LOT-62442527,2026-01-15,MAT-40706,Walk,Become,Start,US01,Series,Mission,Hit,Discussion,Management,Chance,108,Pick,130,Treatment,570,Attack,Sport,LAT04,CT-3395-UCM,2025-10-06
2024-05-09,Watch,LOT-64232123,Quarantined,2025-03-09,2025-12-19,2024-08-26,2026-07-22,2024-09-17,2026-12-19,2025-06-18,2025-02-17,312541264,2024-02-27,MAT-40706,2026-02-16,More,PK-564434,2026-06-09,LOT-64232123,2025-05-31,MAT-40706,Perhaps,Thank,Onto,US01,Down,Action,Morning,Expect,No,Site,113,North,261,Outside,36,Pass,Kid,LAT04,CT-3395-UCM,2027-02-26
2025-09-23,Discuss,LOT-16679340,Quarantined,2024-10-30,2024-05-11,2024-10-06,2024-01-29,2025-12-05,2027-01-15,2025-09-17,2025-09-23,197784517,2024-09-21,MAT-82814,2024-02-10,Join,PK-386052,2025-03-03,LOT-16679340,2026-04-10,MAT-82814,Southern,Several,Attention,EU02,Happy,Into,Again,Wife,Light,Key,220,Offer,69,By,216,Mind,Analysis,US01,CT-3395-UCM,2027-04-14
2026-06-03,Free,LOT-52789053,Hold,2024-06-29,2024-11-02,2024-12-12,2023-12-05,2024-08-06,2026-04-29,2024-08-15,2026-08-09,879290571,2024-02-06,MAT-82814,2023-12-24,Lawyer,PK-756801,2026-08-09,LOT-52789053,2025-08-28,MAT-82814,After,Often,See,EU02,Phone,Issue,Especially,Instead,Here,Explain,274,Get,297,Else,406,Join,Although,AP03,CT-3395-UCM,2026-07-30
2025-03-13,Ball,LOT-62567327,Hold,2024-08-31,2025-09-03,2026-10-26,2025-08-21,2026-08-09,2026-09-17,2025-09-20,2025-04-20,183366928,2024-11-21,MAT-82814,2026-11-09,Long,PK-521602,2025-10-21,LOT-62567327,2025-03-14,MAT-82814,East,Operation,Cup,EU02,Popular,Country,Available,Poor,Ball,Development,23,Someone,59,Game,263,Big,And,LAT04,CT-3395-UCM,2026-11-26
2024-09-06,Meet,LOT-66136964,Hold,2024-03-26,2024-02-14,2025-10-29,2026-03-11,2024-07-31,2026-11-16,2025-08-05,2025-09-11,881713835,2025-07-22,MAT-40089,2025-06-10,Wear,PK-453266,2025-03-08,LOT-66136964,2024-05-13,MAT-40089,Mission,Culture,Painting,US01,Worker,Need,Give,Class,Machine,Court,73,Wife,329,Memory,349,Article,Approach,US01,CT-4229-AWU,2027-03-12
2026-04-02,Usually,LOT-19373416,Released,2024-03-04,2024-03-19,2025-08-03,2026-05-09,2024-09-08,2026-01-17,2025-07-16,2024-05-26,472730693,2026-02-04,MAT-40089,2026-10-18,Truth,PK-473578,2024-12-16,LOT-19373416,2026-01-13,MAT-40089,It,House,Drive,US01,Side,Back,Should,Us,Table,After,110,Sea,13,Happen,355,Concern,Born,AP03,CT-4229-AWU,2026-03-31
2024-06-07,Hundred,LOT-22597604,Hold,2024-07-09,2026-08-25,2024-08-09,2024-09-23,2025-02-10,2026-01-21,2024-05-24,2025-05-31,842828372,2025-02-06,MAT-47986,2025-01-06,Bring,PK-473860,2025-04-26,LOT-22597604,2024-12-15,MAT-47986,No,Item,Born,US01,Answer,End,Particular,Key,Success,Cell,224,Change,345,Movie,82,Soon,Region,AP03,CT-4229-AWU,2026-03-18
2025-07-10,Of,LOT-12068529,Released,2024-03-14,2023-12-11,2025-04-15,2025-09-23,2025-12-16,2025-11-10,2026-04-21,2026-08-24,500145658,2023-12-03,MAT-47986,2025-09-10,Media,PK-619011,2025-03-23,LOT-12068529,2025-03-22,MAT-47986,Dark,At,Change,LAT04,Across,Full,Read,Center,Entire,Approach,63,Local,301,Participant,555,Fine,Try,US01,CT-4229-AWU,2026-03-06
2025-02-13,Interest,LOT-13988492,Released,2024-03-09,2024-11-01,2024-09-18,2024-08-28,2026-01-07,2026-07-08,2026-08-20,2023-11-14,324697493,2025-12-13,MAT-47986,2026-07-29,Occur,PK-409807,2025-07-15,LOT-13988492,2025-10-23,MAT-47986,Room,Physical,Close,AP03,Town,Night,Attack,Husband,Test,For,470,Collection,120,Blue,220,Conference,Administration,US01,CT-4229-AWU,2026-10-07
2025-01-18,Degree,LOT-91082003,Quarantined,2024-06-07,2024-12-07,2024-03-11,2023-11-15,2024-04-03,2026-08-10,2026-07-22,2025-12-12,432697128,2023-12-17,MAT-30745,2026-02-03,Item,PK-345696,2026-01-01,LOT-91082003,2024-04-10,MAT-30745,Raise,People,Effect,AP03,Author,Purpose,Pressure,Current,Believe,Size,473,Science,382,Unit,127,Reduce,Series,AP03,CT-4229-AWU,2026-09-14
2026-10-24,Board,LOT-81143076,Hold,2024-12-21,2025-10-21,2024-06-07,2025-12-10,2025-12-23,2027-03-08,2024-09-15,2024-12-13,655609793,2024-09-06,MAT-30745,2024-02-20,Entire,PK-677439,2026-02-16,LOT-81143076,2026-11-07,MAT-30745,Firm,Step,Class,US01,Man,Start,Use,Figure,Wonder,Pick,278,Yard,334,Food,338,Prove,Stock,US01,CT-4229-AWU,2027-05-19
2026-02-21,Feeling,LOT-26118494,Quarantined,2024-04-13,2026-01-26,2025-05-14,2024-07-17,2025-01-17,2026-04-24,2024-06-06,2026-09-19,543928969,2026-01-15,MAT-30745,2024-01-13,Say,PK-123462,2024-07-08,LOT-26118494,2026-08-11,MAT-30745,Heart,Up,Several,EU02,Rest,Last,Ok,South,Together,Program,462,Idea,213,Nation,465,Thousand,Truth,EU02,CT-4229-AWU,2026-08-12
2024-05-20,Until,LOT-30324704,Released,2025-06-10,2025-08-06,2026-06-17,2026-07-01,2024-08-26,2028-05-13,2025-06-17,2026-06-05,374027412,2024-03-22,MAT-22354,2025-11-30,Finally,PK-290145,2024-05-15,LOT-30324704,2026-04-14,MAT-22354,Visit,Whom,Training,LAT04,Product,No,Pay,Young,Wide,Team,46,Tough,258,Start,367,Shoulder,Know,AP03,CT-4229-AWU,2028-06-24
2024-03-16,Rather,LOT-85774109,Released,2024-03-28,2024-11-04,2026-08-25,2025-03-23,2025-06-22,2026-09-07,2026-07-23,2026-06-22,156957099,2024-05-11,MAT-22354,2025-09-23,Song,PK-948438,2024-02-23,LOT-85774109,2025-11-12,MAT-22354,Yeah,Easy,Discover,EU02,Arrive,Present,Kitchen,Participant,Cut,Theory,56,Record,355,Feeling,369,Lay,Fill,US01,CT-4229-AWU,2026-12-19
2025-08-27,In,LOT-34068905,Quarantined,2024-09-14,2026-11-05,2025-02-04,2026-03-12,2025-01-30,2026-04-22,2025-07-16,2024-06-08,308067282,2024-09-06,MAT-22354,2025-07-29,Budget,PK-981824,2024-12-14,LOT-34068905,2025-11-01,MAT-22354,Military,Room,Product,AP03,Country,Better,Tend,Animal,Past,Step,97,Sport,171,Step,218,Teacher,Current,AP03,CT-4229-AWU,2026-06-08
2024-11-10,Whether,LOT-16473868,Hold,2024-10-08,2025-01-17,2025-06-10,2024-06-10,2025-10-21,2027-01-28,2025-10-20,2025-08-24,152765682,2026-05-17,MAT-22610,2026-02-27,Want,PK-301783,2025-11-20,LOT-16473868,2024-12-02,MAT-22610,Relationship,Own,Popular,LAT04,Beyond,Example,Senior,Institution,They,Answer,434,Officer,313,Happy,250,Building,Color,US01,CT-9771-CZL,2027-03-09
2024-07-13,Share,LOT-85311620,Hold,2024-11-07,2024-09-12,2026-11-10,2026-01-27,2026-04-10,2026-10-19,2025-05-20,2024-05-27,314009128,2024-07-01,MAT-22610,2026-09-15,Attorney,PK-985732,2026-08-26,LOT-85311620,2026-06-02,MAT-22610,Size,Business,I,EU02,Write,Expert,Inside,Continue,Process,Attention,465,Government,177,Economy,130,Message,Join,US01,CT-9771-CZL,2027-02-05
2026-07-15,Yeah,LOT-83383410,Released,2024-08-04,2023-11-22,2026-10-05,2026-02-20,2024-10-09,2027-04-27,2025-12-15,2024-03-05,712680401,2026-09-29,MAT-22610,2025-08-23,Miss,PK-177056,2026-05-23,LOT-83383410,2026-02-02,MAT-22610,Stage,Feeling,Prove,LAT04,Budget,Week,Economic,Per,Into,Then,197,Senior,221,Cause,508,Almost,Dream,US01,CT-9771-CZL,2027-08-02
2024-08-06,Mind,LOT-73505709,Hold,2025-07-01,2024-02-10,2025-12-10,2024-06-23,2024-03-27,2027-09-26,2025-10-09,2025-05-08,329229044,2024-02-01,MAT-22610,2026-03-23,Hotel,PK-288713,2024-07-17,LOT-73505709,2025-07-11,MAT-22610,How,Always,Send,EU02,Matter,Worry,Piece,News,Threat,International,266,Enjoy,158,Population,76,Whom,Exactly,US01,CT-9771-CZL,2027-12-28
2026-01-15,Rate,LOT-29648706,Released,2023-12-12,2025-02-06,2025-03-18,2024-09-19,2024-08-31,2026-06-22,2025-02-11,2026-08-02,153499792,2025-09-17,MAT-93544,2026-08-04,Matter,PK-144937,2024-01-27,LOT-29648706,2026-04-05,MAT-93544,Turn,Public,The,AP03,Better,Network,Law,House,Maybe,Story,465,Next,24,Center,481,Tree,Fund,US01,CT-9771-CZL,2026-09-27
2026-01-20,Continue,LOT-11996537,Quarantined,2024-04-30,2024-11-23,2024-01-12,2024-10-31,2024-08-20,2025-05-30,2024-07-04,2025-10-24,690229697,2024-03-30,MAT-93544,2025-03-15,Describe,PK-103676,2024-09-20,LOT-11996537,2025-08-03,MAT-93544,Talk,Effort,Baby,EU02,Wife,Task,Issue,Discuss,Draw,Media,185,Return,204,Order,471,Gun,See,US01,CT-9771-CZL,2025-08-24
2026-08-11,Stage,LOT-49258177,Quarantined,2025-07-05,2024-12-14,2025-07-28,2025-03-15,2025-04-29,2027-03-17,2026-10-02,2025-02-26,668538652,2025-10-18,MAT-93544,2026-08-11,Federal,PK-681365,2024-03-30,LOT-49258177,2024-02-17,MAT-93544,Discover,Run,Form,LAT04,Side,Third,Outside,Body,Win,Bill,283,Contain,9,Soon,327,Mr,Until,LAT04,CT-9771-CZL,2027-05-02
2026-09-10,Throughout,LOT-27607761,Quarantined,2024-09-13,2026-01-24,2025-10-26,2024-09-01,2024-08-01,2026-08-18,2025-05-05,2025-04-25,211548459,2026-05-24,MAT-39627,2025-08-09,Thought,PK-315632,2024-01-18,LOT-27607761,2023-12-12,MAT-39627,If,Minute,Indicate,US01,Career,Building,Mean,Month,Stuff,See,369,Worry,27,Something,536,Recently,Talk,US01,CT-5014-EEP,2026-11-26
2025-10-08,Unit,LOT-35809899,Released,2025-04-05,2026-04-04,2026-09-23,2025-05-12,2024-03-11,2026-06-17,2026-01-23,2026-02-06,286090816,2025-09-23,MAT-39627,2024-05-29,Area,PK-558245,2025-01-13,LOT-35809899,2025-02-26,MAT-39627,Necessary,Church,Woman,LAT04,Store,Position,After,However,Congress,Represent,89,System,58,Throw,589,Price,Shoulder,EU02,CT-5014-EEP,2026-10-12
2024-05-07,Improve,LOT-29384973,Released,2025-08-14,2025-03-21,2024-06-18,2026-04-15,2024-03-14,2027-05-26,2025-01-29,2026-07-16,329123079,2024-05-22,MAT-53554,2024-02-12,Apply,PK-162532,2025-12-08,LOT-29384973,2025-09-01,MAT-53554,Subject,Place,Site,LAT04,Your,Style,Brother,Task,Investment,Maintain,93,Guy,219,His,23,Imagine,Common,EU02,CT-5014-EEP,2027-08-19
2024-06-09,Job,LOT-27803441,Quarantined,2025-07-02,2025-10-27,2024-04-05,2024-04-04,2026-11-08,2026-11-22,2025-12-26,2026-11-05,554528452,2026-03-25,MAT-53554,2025-01-13,Find,PK-632964,2025-04-12,LOT-27803441,2025-04-11,MAT-53554,Turn,Lawyer,Set,AP03,Role,Former,Body,Treat,Term,Provide,8,Until,9,Lay,584,Activity,Four,EU02,CT-5014-EEP,2027-02-06
2023-12-27,Approach,LOT-41301239,Quarantined,2024-05-02,2024-02-23,2025-07-29,2024-02-10,2026-06-10,2025-12-18,2025-04-13,2025-12-01,445306856,2026-08-24,MAT-46171,2023-12-08,Job,PK-185304,2023-11-29,LOT-41301239,2023-12-26,MAT-46171,Until,Prevent,With,EU02,Cover,Others,Find,Else,Forward,Smile,182,Probably,170,Strong,40,Five,Sound,LAT04,CT-3636-AVP,2026-03-03
2025-09-23,Mouth,LOT-74019635,Quarantined,2024-11-19,2024-10-17,2026-03-29,2024-03-10,2024-05-04,2027-05-24,2026-06-27,2026-01-17,654547238,2024-11-18,MAT-46171,2026-05-11,I,PK-335839,2024-09-08,LOT-74019635,2026-07-23,MAT-46171,Ever,Rise,Let,LAT04,Never,Past,Foreign,Lead,Despite,Add,256,So,326,To,509,Real,Street,LAT04,CT-3636-AVP,2027-07-29
2023-12-26,Partner,LOT-91968301,Quarantined,2024-03-10,2026-04-08,2024-11-12,2024-06-26,2024-11-01,2026-04-24,2025-11-12,2025-09-20,906077430,2026-08-04,MAT-46171,2025-10-31,Stand,PK-451698,2025-05-24,LOT-91968301,2026-02-18,MAT-46171,Indeed,Heavy,Total,EU02,Special,Pull,Manage,Across,White,Be,219,Sister,32,Trial,389,Involve,Interest,EU02,CT-3636-AVP,2026-06-27
2026-11-06,Son,LOT-47865891,Released,2025-02-11,2026-01-04,2024-10-08,2025-09-17,2026-04-16,2028-02-08,2026-01-12,2025-12-19,828807938,2023-12-15,MAT-46171,2024-04-19,Century,PK-609188,2024-04-02,LOT-47865891,2026-09-23,MAT-46171,Management,Send,End,AP03,Of,Example,Place,Offer,Inside,Site,178,Join,289,Hard,161,Person,Other,LAT04,CT-3636-AVP,2028-05-22
2026-11-11,Civil,LOT-86551756,Quarantined,2025-08-20,2024-04-16,2024-03-07,2025-01-03,2025-09-01,2028-07-28,2026-05-30,2025-04-10,680932470,2024-07-27,MAT-54383,2026-03-02,Enjoy,PK-437124,2025-01-23,LOT-86551756,2025-08-01,MAT-54383,Speak,Reach,Race,LAT04,Instead,Learn,Group,Behind,Watch,Industry,15,Guy,151,Evening,178,Our,Have,EU02,CT-3636-AVP,2028-11-13
2025-05-16,Project,LOT-89567405,Quarantined,2024-05-08,2025-12-22,2026-03-29,2026-06-01,2026-08-01,2025-08-06,2025-10-21,2025-10-30,546389528,2025-09-05,MAT-54383,2025-11-27,Out,PK-700950,2025-08-11,LOT-89567405,2026-08-29,MAT-54383,Call,Test,Imagine,AP03,By,Discuss,Technology,Plan,Hour,Make,246,Short,162,Project,191,Just,Crime,AP03,CT-3636-AVP,2025-09-18
2026-10-10,Ready,LOT-27778437,Released,2023-11-24,2025-06-09,2026-09-27,2025-09-14,2026-01-06,2025-04-09,2024-09-17,2024-10-02,689792593,2023-12-22,MAT-54383,2026-04-12,True,PK-821561,2025-02-21,LOT-27778437,2026-06-18,MAT-54383,Skin,Idea,Ask,LAT04,Use,Throw,Perhaps,Blue,Magazine,Teach,112,Pretty,159,New,1,Available,Produce,LAT04,CT-3636-AVP,2025-05-21
2024-08-26,Eye,LOT-26774933,Released,2025-05-07,2026-06-18,2024-12-21,2025-06-06,2026-03-25,2026-08-08,2026-08-14,2025-02-08,615233688,2026-05-15,MAT-66257,2024-01-21,Develop,PK-993006,2025-11-12,LOT-26774933,2024-03-24,MAT-66257,Including,Be,Speech,US01,Seek,Then,Character,Better,Effect,Movie,42,Have,96,Later,423,Fine,Present,AP03,CT-7484-BIH,2026-09-29
2024-08-15,American,LOT-26012891,Hold,2024-09-03,2024-10-27,2025-05-05,2026-02-04,2024-03-19,2026-02-19,2025-05-10,2025-05-12,234310264,2026-02-11,MAT-66257,2025-03-14,Half,PK-910973,2025-02-28,LOT-26012891,2025-07-18,MAT-66257,Fire,Follow,Political,EU02,Become,Book,Beautiful,Cell,Parent,Cause,203,Chance,373,Image,45,Nation,Fact,EU02,CT-7484-BIH,2026-04-08
2026-08-06,Want,LOT-16159838,Quarantined,2024-03-25,2024-06-12,2025-10-23,2024-09-11,2025-01-10,2025-09-01,2024-09-11,2025-10-05,460802933,2025-03-11,MAT-66257,2024-10-12,Matter,PK-501997,2024-02-18,LOT-16159838,2024-05-08,MAT-66257,Improve,Arrive,Country,US01,School,Kitchen,Year,Take,Sense,Stage,321,Computer,337,Industry,15,Subject,Foot,LAT04,CT-7484-BIH,2025-11-18
2024-05-08,Upon,LOT-31439488,Released,2024-01-10,2025-05-19,2026-08-12,2024-12-01,2024-12-05,2025-09-04,2026-10-22,2024-03-19,275501903,2026-05-10,MAT-66374,2026-07-09,Stage,PK-102966,2025-05-10,LOT-31439488,2024-09-04,MAT-66374,Decision,Determine,Space,LAT04,Main,It,Produce,Miss,Seek,Value,485,Officer,240,Individual,388,Responsibility,Easy,AP03,CT-7484-BIH,2025-12-03
2025-05-22,Majority,LOT-34726751,Released,2024-02-18,2026-08-26,2024-07-21,2025-12-24,2026-04-19,2025-08-29,2026-11-02,2026-06-26,362348721,2025-10-03,MAT-66374,2026-01-08,Social,PK-771735,2026-07-07,LOT-34726751,2025-03-17,MAT-66374,Five,Around,Make,EU02,Plant,Again,Treatment,Race,Here,Stuff,159,Parent,353,Can,472,Strong,Natural,EU02,CT-7484-BIH,2025-11-15
2024-03-13,Cultural,LOT-69561395,Released,2024-06-06,2025-05-03,2024-10-07,2024-01-15,2025-01-26,2026-04-24,2024-06-24,2024-08-10,786820178,2025-07-25,MAT-66374,2024-12-24,Strong,PK-791469,2025-08-18,LOT-69561395,2024-10-01,MAT-66374,Yet,About,Know,US01,Executive,Support,Game,Seem,Enter,Woman,210,Year,277,Campaign,17,Prevent,Stay,EU02,CT-7484-BIH,2026-07-13
2025-01-06,Allow,LOT-65547337,Released,2025-03-08,2024-09-06,2025-04-08,2024-09-18,2024-08-30,2026-04-22,2025-04-04,2026-05-08,696254036,2024-08-02,MAT-74247,2026-10-05,Yard,PK-911443,2025-03-17,LOT-65547337,2026-03-06,MAT-74247,Decide,Hear,Us,US01,Son,Fund,Left,Character,Ago,Article,99,Near,206,Serious,523,Seven,Life,AP03,CT-7484-BIH,2026-07-15
2024-02-25,Near,LOT-39340148,Quarantined,2024-06-30,2025-02-27,2025-09-14,2024-01-06,2023-12-23,2025-12-10,2025-01-22,2026-07-17,780213509,2026-07-13,MAT-74247,2026-03-28,Chance,PK-103362,2025-02-23,LOT-39340148,2024-03-01,MAT-74247,Industry,Sign,Sport,LAT04,Think,Firm,Whole,Return,Keep,Form,244,Think,285,Human,512,Attorney,Traditional,US01,CT-7484-BIH,2026-02-13
2026-02-10,Leave,LOT-17450919,Released,2024-07-12,2026-07-31,2026-04-01,2025-12-20,2025-02-28,2027-02-13,2025-08-08,2024-07-29,563453694,2024-06-22,MAT-18458,2025-06-15,Expert,PK-997135,2024-04-12,LOT-17450919,2026-03-07,MAT-18458,Option,Dinner,Public,EU02,Explain,Put,Fund,Series,Risk,Ball,397,Than,359,Even,485,Shake,Fill,LAT04,CT-7487-KNX,2027-04-27
2024-02-04,Energy,LOT-75893896,Released,2024-03-05,2023-11-23,2024-04-19,2024-05-02,2023-12-06,2025-12-12,2026-11-05,2026-08-23,452526696,2025-09-27,MAT-18458,2026-04-07,Star,PK-662711,2026-10-20,LOT-75893896,2025-06-06,MAT-18458,Realize,Decision,Buy,US01,Set,Leader,Little,Soldier,Occur,Question,495,West,34,Because,376,Character,Be,AP03,CT-7487-KNX,2026-02-15
2026-01-23,White,LOT-59884250,Released,2024-11-14,2024-09-14,2024-12-26,2024-09-25,2024-02-15,2026-03-21,2026-08-17,2025-08-30,463635324,2026-05-08,MAT-18458,2025-10-12,Question,PK-430102,2025-05-15,LOT-59884250,2024-07-20,MAT-18458,Too,Lot,Build,AP03,Wrong,Important,Beyond,Family,Quickly,See,385,Pay,265,Base,590,Activity,Term,US01,CT-7487-KNX,2026-06-18
2026-04-16,National,LOT-10801382,Released,2024-05-25,2026-04-15,2024-08-11,2024-02-24,2026-08-13,2025-10-07,2024-12-31,2025-12-23,742254976,2024-04-20,MAT-18458,2026-10-22,Season,PK-640548,2026-07-07,LOT-10801382,2024-09-26,MAT-18458,Somebody,Behind,Single,LAT04,Attention,Maintain,Public,One,First,Two,93,Lose,365,Result,146,Know,Boy,EU02,CT-7487-KNX,2025-12-20
2024-04-28,Box,LOT-90900846,Released,2024-02-15,2024-08-08,2025-01-16,2025-01-19,2026-06-03,2026-03-28,2025-04-06,2024-12-27,689787552,2026-09-07,MAT-56157,2024-03-07,Group,PK-840588,2026-11-08,LOT-90900846,2024-08-17,MAT-56157,Hot,House,Because,LAT04,Particularly,Marriage,Population,Campaign,Thought,So,269,Visit,28,Marriage,261,Quickly,Front,LAT04,CT-7487-KNX,2026-06-16
2025-09-25,Military,LOT-70758392,Hold,2024-12-08,2025-08-29,2024-06-18,2024-01-24,2024-04-08,2027-07-12,2023-12-25,2026-05-06,479788120,2025-01-03,MAT-56157,2024-04-06,In,PK-816516,2024-02-23,LOT-70758392,2024-10-05,MAT-56157,New,Rock,State,EU02,Ball,Eat,Long,Social,Check,Air,477,Door,66,Production,337,Culture,High,LAT04,CT-7487-KNX,2027-10-29
2026-10-09,Another,LOT-25529234,Hold,2023-12-21,2024-06-12,2025-04-12,2026-06-12,2026-11-10,2025-04-14,2025-09-06,2026-03-18,895641111,2026-06-14,MAT-56157,2025-08-13,Responsibility,PK-196835,2025-07-17,LOT-25529234,2024-02-10,MAT-56157,Former,Side,Game,EU02,Very,Beautiful,Hair,Green,Center,Or,113,Exist,213,Watch,568,Write,This,AP03,CT-7487-KNX,2025-08-11
2026-02-01,Carry,LOT-99304671,Hold,2024-02-12,2024-06-08,2025-08-30,2024-12-22,2026-03-13,2026-12-21,2024-08-08,2025-11-06,746936304,2025-11-01,MAT-59372,2025-02-23,Another,PK-170297,2025-11-07,LOT-99304671,2025-02-22,MAT-59372,Open,Staff,Point,LAT04,Child,Leg,Maintain,Against,Everything,Social,331,Call,67,Understand,142,Reality,Sister,EU02,CT-7487-KNX,2027-03-26
2024-12-03,Various,LOT-31152831,Hold,2024-06-25,2024-08-26,2024-03-25,2024-06-02,2024-06-12,2025-09-07,2025-07-23,2025-10-03,124513834,2026-09-16,MAT-59372,2024-02-16,Allow,PK-656586,2024-05-19,LOT-31152831,2023-11-14,MAT-59372,Against,Stay,Stop,US01,Action,Choice,Human,Maybe,With,Trial,16,When,311,Pressure,116,Role,Positive,LAT04,CT-7487-KNX,2025-10-27
2024-12-14,Performance,LOT-10539218,Quarantined,2025-08-24,2024-03-02,2024-03-21,2024-08-02,2024-05-31,2028-01-17,2025-09-03,2025-11-16,553051112,2026-11-09,MAT-73628,2024-09-16,Guy,PK-283906,2024-01-18,LOT-10539218,2025-07-23,MAT-73628,Operation,Nor,Final,AP03,Western,Field,Grow,Or,Around,Role,269,Skill,183,Score,456,Teacher,Attorney,EU02,CT-3230-HFO,2028-03-15
2024-11-23,In,LOT-32873081,Quarantined,2025-01-13,2024-04-04,2026-06-27,2024-03-17,2024-12-26,2027-11-06,2025-01-25,2025-04-03,756495906,2025-05-22,MAT-73628,2024-01-09,Future,PK-999966,2026-02-05,LOT-32873081,2026-08-03,MAT-73628,Song,Able,American,US01,Black,And,Through,Kind,Beat,Provide,250,Away,307,Poor,447,The,Program,LAT04,CT-3230-HFO,2028-02-13
2025-03-20,Occur,LOT-28229614,Hold,2024-06-25,2025-10-20,2024-06-27,2026-07-16,2024-02-08,2026-12-14,2025-09-11,2025-06-15,569911113,2023-12-20,MAT-68176,2024-12-11,Century,PK-639218,2024-03-06,LOT-28229614,2024-09-19,MAT-68176,Certainly,His,Loss,AP03,Plan,Other,Position,Might,Surface,Look,413,Common,202,Country,165,Develop,Room,EU02,CT-3230-HFO,2027-01-17
2024-10-29,Ahead,LOT-78676156,Released,2024-12-01,2024-04-09,2025-07-07,2024-06-18,2025-11-08,2026-02-22,2025-03-08,2026-05-22,716046879,2025-02-25,MAT-68176,2026-03-15,Finally,PK-123976,2024-06-16,LOT-78676156,2023-11-15,MAT-68176,Mother,Game,Dark,US01,Treatment,Couple,Store,Result,History,Through,88,Short,122,Song,77,Matter,Environmental,US01,CT-3230-HFO,2026-06-15
2025-08-18,Career,LOT-46366370,Released,2024-08-28,2025-08-28,2024-01-30,2024-06-25,2023-12-13,2025-11-01,2024-06-20,2024-06-09,596275232,2024-05-17,MAT-68176,2024-09-30,Range,PK-980097,2026-08-18,LOT-46366370,2025-09-19,MAT-68176,Cut,Mind,Believe,LAT04,Challenge,Church,Raise,Compare,Try,Film,433,Across,196,Score,571,City,Tree,LAT04,CT-3230-HFO,2025-12-12
2026-04-18,Trip,LOT-65730343,Quarantined,2025-07-05,2024-11-27,2024-05-16,2024-02-11,2024-06-18,2026-08-19,2026-07-02,2025-07-30,449563325,2024-05-22,MAT-54713,2023-12-02,Message,PK-205580,2026-04-24,LOT-65730343,2026-08-09,MAT-54713,Early,Tough,Certainly,LAT04,Move,Growth,Color,Good,Form,Adult,444,Hospital,96,Front,204,Manager,Develop,EU02,CT-3230-HFO,2026-11-07
2023-11-21,Operation,LOT-63929636,Released,2025-01-23,2025-01-03,2024-09-03,2024-07-26,2026-07-28,2027-01-02,2026-07-08,2026-01-08,607992791,2026-03-02,MAT-54713,2026-04-29,Career,PK-195151,2026-08-05,LOT-63929636,2024-06-20,MAT-54713,Hotel,Fact,Near,EU02,Camera,Design,Garden,Practice,Party,Listen,153,General,93,Up,35,Close,Traditional,EU02,CT-3230-HFO,2027-03-23
2025-06-24,Goal,LOT-58463446,Released,2024-07-08,2024-06-13,2026-07-06,2026-05-14,2026-08-03,2027-04-08,2024-11-22,2024-10-26,202154725,2025-07-28,MAT-54713,2023-11-18,Face,PK-479384,2024-05-13,LOT-58463446,2025-06-20,MAT-54713,Cell,Lead,Official,EU02,Method,House,Teach,Cover,Majority,Into,418,Article,199,Not,323,Employee,Other,AP03,CT-3230-HFO,2027-06-24
2026-06-29,Local,LOT-54197135,Quarantined,2025-08-23,2025-12-11,2024-12-21,2024-04-21,2024-07-29,2028-02-12,2026-08-26,2024-11-30,798979649,2026-05-28,MAT-54713,2025-01-13,Per,PK-520775,2026-10-02,LOT-54197135,2026-10-22,MAT-54713,Well,Leader,Conference,US01,Standard,House,Million,Commercial,Sell,Argue,6,Popular,138,Either,495,Country,Couple,EU02,CT-3230-HFO,2028-05-18
2025-01-13,Right,LOT-28144033,Hold,2025-06-28,2023-11-25,2024-03-12,2024-07-31,2025-08-29,2027-05-02,2025-11-07,2025-07-18,358650313,2025-06-25,MAT-75647,2025-09-03,Wonder,PK-258385,2024-10-13,LOT-28144033,2026-04-18,MAT-75647,Less,Whatever,Work,AP03,Future,Idea,Sister,Grow,Tough,Notice,475,Study,152,Stuff,233,Set,Learn,EU02,CT-6551-IBW,2027-06-17
2024-04-16,Another,LOT-11280930,Hold,2024-04-11,2024-04-21,2024-05-02,2024-09-06,2025-01-21,2025-06-12,2024-12-11,2025-08-10,291777094,2025-01-23,MAT-75647,2026-10-18,Ago,PK-454501,2026-10-01,LOT-11280930,2026-05-06,MAT-75647,Check,Dream,Type,LAT04,Close,Keep,Among,Thing,Drop,Heavy,402,My,36,Attorney,98,Their,Administration,AP03,CT-6551-IBW,2025-08-22
2024-12-24,Two,LOT-89806740,Released,2024-04-04,2024-01-12,2024-04-06,2023-12-07,2025-11-23,2026-07-09,2024-11-22,2026-02-16,907321804,2026-01-24,MAT-79992,2025-07-21,Yet,PK-634422,2024-06-20,LOT-89806740,2026-03-18,MAT-79992,Event,Be,Office,AP03,Type,Theory,Week,Participant,Floor,Above,498,Strategy,119,Single,236,Time,Nothing,US01,CT-6551-IBW,2026-09-11
2026-03-19,Growth,LOT-71401478,Released,2024-10-10,2026-02-10,2025-10-26,2024-10-01,2025-11-01,2026-01-29,2024-03-22,2026-06-28,982114570,2025-04-15,MAT-79992,2024-11-18,Show,PK-494255,2025-05-04,LOT-71401478,2024-12-30,MAT-79992,Buy,Particularly,Only,AP03,Level,Lawyer,Television,Quite,Couple,Above,370,Against,186,Whose,274,Hear,Fund,LAT04,CT-6551-IBW,2026-05-10
2024-06-10,Finish,LOT-34574127,Quarantined,2025-07-03,2026-04-22,2024-01-06,2024-11-30,2026-01-24,2027-11-14,2026-11-10,2024-06-21,203287768,2024-02-07,MAT-79992,2024-09-05,Fact,PK-530365,2025-12-10,LOT-34574127,2026-03-26,MAT-79992,Land,Wonder,Eye,EU02,System,Mrs,Outside,Speech,Western,Day,174,Know,6,Watch,175,Sea,Food,AP03,CT-6551-IBW,2028-01-15
2024-03-22,Fire,LOT-20749320,Hold,2024-07-07,2024-05-28,2024-01-26,2024-12-06,2026-05-31,2027-03-24,2024-08-24,2026-08-13,862448378,2026-03-12,MAT-52579,2024-03-03,Data,PK-492531,2026-02-16,LOT-20749320,2025-02-18,MAT-52579,Picture,Carry,Pull,AP03,Protect,Best,Ready,Chance,Expert,Material,450,Other,16,Seven,407,Bar,Close,US01,CT-6551-IBW,2027-06-28
2024-12-07,Station,LOT-44540514,Released,2025-07-02,2025-08-01,2026-09-04,2026-06-01,2025-11-12,2026-09-19,2025-07-25,2024-05-20,907746430,2025-01-07,MAT-52579,2026-06-15,Describe,PK-483214,2024-05-28,LOT-44540514,2025-10-10,MAT-52579,Myself,Home,Before,US01,Heavy,Gun,Catch,High,Will,Sport,143,Spring,128,Behind,453,Say,Two,AP03,CT-6551-IBW,2026-10-26
2026-04-29,Local,LOT-91103841,Released,2024-09-26,2024-10-11,2026-03-03,2026-07-10,2025-11-26,2025-10-04,2025-07-02,2025-12-11,296215519,2024-06-27,MAT-52579,2025-09-28,Draw,PK-644103,2026-10-29,LOT-91103841,2026-04-21,MAT-52579,Rich,Sure,Carry,EU02,Wait,Positive,Plant,Side,Finally,Feeling,238,Test,322,Benefit,225,Travel,Red,EU02,CT-6551-IBW,2025-11-26
2026-04-06,Our,LOT-59019698,Hold,2025-03-23,2023-11-18,2025-11-27,2024-05-09,2025-03-22,2026-07-17,2024-12-14,2024-10-09,192786398,2025-10-03,MAT-22152,2024-12-03,Behavior,PK-203999,2026-09-26,LOT-59019698,2026-01-12,MAT-22152,Around,Wear,Which,LAT04,Door,Fine,Every,Admit,Dog,And,316,Feeling,360,Control,366,Describe,Wrong,EU02,CT-3472-PNG,2026-10-09
2023-12-09,Right,LOT-36766763,Released,2024-04-14,2025-06-17,2024-07-11,2024-08-25,2025-10-12,2026-01-11,2025-09-20,2026-11-10,504106338,2025-06-02,MAT-22152,2023-12-15,Police,PK-365382,2024-03-23,LOT-36766763,2025-05-17,MAT-22152,Administration,Least,Congress,AP03,Thousand,Writer,Smile,Design,Behind,Toward,319,Along,44,Class,382,Television,Contain,US01,CT-3472-PNG,2026-04-24
2025-09-06,Indeed,LOT-88008746,Hold,2024-09-24,2025-06-09,2026-05-05,2025-03-11,2024-05-24,2027-01-08,2023-12-23,2024-01-26,462706611,2025-04-27,MAT-45907,2024-02-13,Watch,PK-558309,2025-11-08,LOT-88008746,2025-05-01,MAT-45907,Throw,Meeting,Analysis,US01,Others,Born,Yard,Decide,Enter,Arrive,325,Half,67,While,303,Rest,Prepare,AP03,CT-3472-PNG,2027-05-02
2024-07-06,Audience,LOT-14377768,Released,2025-07-03,2024-03-12,2024-11-24,2026-02-17,2025-05-05,2027-01-10,2024-02-29,2025-02-08,967849347,2026-09-13,MAT-45907,2025-06-28,Single,PK-118751,2024-08-26,LOT-14377768,2025-11-25,MAT-45907,Draw,Power,Quality,US01,Write,Gun,Unit,Particularly,Help,Arm,200,Majority,204,Less,460,If,Your,EU02,CT-3472-PNG,2027-05-02
2024-06-24,Drug,LOT-16979238,Quarantined,2024-01-06,2024-06-18,2026-11-06,2025-04-12,2026-06-01,2026-05-12,2026-01-30,2025-03-10,332391745,2024-05-19,MAT-45907,2026-10-08,Modern,PK-990159,2025-07-01,LOT-16979238,2025-12-17,MAT-45907,Hear,City,Protect,EU02,Office,Which,Reveal,Traditional,Protect,Material,358,It,66,Person,515,Four,Camera,AP03,CT-3472-PNG,2026-09-03
2026-04-12,They,LOT-22463904,Quarantined,2024-05-13,2026-04-17,2024-05-27,2026-09-27,2026-02-16,2025-09-22,2024-12-03,2023-11-23,350283890,2026-03-01,MAT-45907,2025-02-27,Them,PK-553083,2026-09-06,LOT-22463904,2026-05-26,MAT-45907,Book,Community,Form,AP03,Address,Figure,Large,Century,Citizen,Go,497,Way,162,Like,382,Amount,Town,LAT04,CT-3472-PNG,2025-12-02
2025-09-03,Again,LOT-21437748,Quarantined,2023-12-22,2025-09-11,2026-03-05,2025-11-02,2023-12-16,2026-06-27,2025-08-04,2024-10-26,501369367,2025-12-09,MAT-84153,2024-12-10,Performance,PK-990869,2025-03-25,LOT-21437748,2026-10-19,MAT-84153,Himself,Produce,Pick,AP03,Public,While,Social,Fish,Young,By,353,Somebody,105,She,20,Learn,Remember,US01,CT-3472-PNG,2026-08-25
2024-05-16,Conference,LOT-89268420,Hold,2024-09-10,2025-12-08,2025-11-17,2024-07-09,2024-01-21,2026-12-16,2025-01-07,2024-01-25,620472716,2024-09-09,MAT-84153,2026-09-27,Include,PK-786363,2025-03-02,LOT-89268420,2023-12-09,MAT-84153,Language,In,Newspaper,EU02,Into,Yourself,Test,We,Generation,Past,24,Film,142,Else,167,Body,Everyone,AP03,CT-3472-PNG,2027-02-26
2023-12-16,Story,LOT-96443919,Released,2025-01-12,2026-03-14,2025-10-27,2024-06-28,2023-11-13,2026-12-26,2026-09-23,2026-08-05,588481789,2025-05-18,MAT-31615,2024-05-04,Wall,PK-362073,2025-05-28,LOT-96443919,2024-04-23,MAT-31615,Kid,Difference,Condition,US01,Gun,Challenge,Have,Heart,Own,Change,189,Reflect,364,Guess,412,Treatment,Three,AP03,CT-9781-BYC,2027-02-13
2025-12-31,Meeting,LOT-91403277,Quarantined,2024-03-31,2025-09-06,2024-10-10,2025-10-18,2025-04-02,2025-11-01,2024-09-01,2026-09-26,436422936,2024-12-16,MAT-31615,2025-10-29,Pick,PK-402695,2026-03-30,LOT-91403277,2025-08-27,MAT-31615,Popular,These,Simply,LAT04,I,Type,Better,Director,Could,Good,65,Partner,244,Statement,585,City,Stand,US01,CT-9781-BYC,2025-12-05
2026-07-01,Reality,LOT-56495866,Released,2024-05-23,2026-07-18,2025-05-02,2026-01-05,2024-11-27,2025-10-04,2025-11-10,2026-07-23,215093759,2026-07-28,MAT-31615,2026-09-16,Evening,PK-996178,2024-12-26,LOT-56495866,2024-09-13,MAT-31615,Either,Necessary,Particular,EU02,Develop,Before,Program,Over,Best,Choice,219,Radio,26,Spend,555,Develop,Perform,LAT04,CT-9781-BYC,2025-12-15
2025-03-14,Test,LOT-27880910,Hold,2025-04-15,2026-06-18,2025-07-13,2026-04-05,2024-06-30,2026-11-19,2026-04-10,2025-11-14,828983873,2025-08-09,MAT-98864,2026-06-27,Pick,PK-441102,2025-08-02,LOT-27880910,2026-08-19,MAT-98864,Job,Total,Reason,LAT04,Because,Choice,Risk,Power,Enjoy,General,305,Side,200,Spring,360,Organization,Say,AP03,CT-9781-BYC,2027-01-24
2026-06-18,Natural,LOT-76547161,Released,2025-08-10,2024-11-21,2025-08-08,2024-03-17,2026-01-04,2027-05-21,2026-05-19,2024-09-07,200148715,2026-03-31,MAT-98864,2024-11-16,First,PK-373396,2025-01-14,LOT-76547161,2025-05-31,MAT-98864,Land,Recent,Really,AP03,Whom,Forward,Mind,Answer,Fall,After,66,Light,126,Several,232,Will,Second,LAT04,CT-9781-BYC,2027-07-10
2025-01-09,Unit,LOT-37532398,Released,2024-12-24,2024-08-29,2026-09-29,2026-02-01,2025-04-13,2026-09-16,2026-10-30,2026-05-06,993797562,2026-10-05,MAT-98864,2025-06-16,Brother,PK-349220,2025-02-11,LOT-37532398,2026-09-17,MAT-98864,Fight,Kitchen,Environment,EU02,Government,Church,Professional,Report,Beat,Become,30,Again,103,Everyone,497,Center,Several,US01,CT-9781-BYC,2026-10-19
2024-06-05,Which,LOT-30558715,Released,2025-02-28,2025-01-05,2024-01-12,2026-05-11,2025-12-05,2026-04-14,2024-08-01,2024-06-22,824385612,2026-08-11,MAT-59079,2024-06-24,Recently,PK-380732,2024-11-11,LOT-30558715,2025-11-19,MAT-59079,Ability,Food,Capital,LAT04,Tax,Born,Direction,End,Than,Live,306,Deal,12,Specific,172,Sound,Receive,AP03,CT-9781-BYC,2026-06-03
2025-10-20,Build,LOT-35724940,Hold,2024-03-13,2025-08-01,2024-03-29,2024-12-07,2024-01-29,2025-08-11,2026-03-05,2026-04-04,218105087,2025-05-22,MAT-59079,2026-04-23,Ok,PK-332369,2026-02-24,LOT-35724940,2026-08-07,MAT-59079,Week,Provide,Hit,EU02,Office,Available,Role,Almost,Film,Prove,365,Kind,202,Keep,253,Race,None,US01,CT-9781-BYC,2025-10-10
2024-07-07,Sense,LOT-62858960,Hold,2024-12-19,2024-12-10,2024-05-30,2025-05-31,2024-07-12,2026-09-20,2026-05-21,2025-07-10,966783916,2026-07-11,MAT-59079,2026-08-13,Police,PK-457760,2025-04-17,LOT-62858960,2024-08-25,MAT-59079,Order,Institution,Source,EU02,Once,Remain,In,Rise,Friend,Return,344,Light,38,Discover,130,Practice,Itself,US01,CT-9781-BYC,2026-11-21
2025-12-12,Mr,LOT-60226706,Quarantined,2024-12-17,2026-05-16,2026-06-02,2026-02-08,2024-03-05,2026-10-02,2025-08-05,2024-05-10,960510166,2025-09-11,MAT-96156,2025-08-06,Idea,PK-159264,2024-05-26,LOT-60226706,2025-03-15,MAT-96156,Suffer,Career,Through,LAT04,Stuff,Prepare,Sound,A,Candidate,Fight,445,Sport,232,Must,236,Each,Director,AP03,CT-9781-BYC,2026-12-24
2025-08-13,These,LOT-50305764,Hold,2024-02-21,2025-12-14,2024-12-15,2026-06-30,2026-10-19,2025-11-05,2024-11-29,2024-06-03,684072972,2026-09-13,MAT-96156,2025-04-12,Study,PK-829732,2026-10-15,LOT-50305764,2025-05-16,MAT-96156,Leave,Enough,Fine,LAT04,Hot,Ahead,Tell,History,Class,Lead,213,Serve,95,Point,79,Store,Present,EU02,CT-9781-BYC,2026-02-10
2024-08-10,Officer,LOT-72341875,Hold,2024-09-13,2025-05-22,2024-04-14,2025-04-27,2026-07-04,2025-12-10,2024-10-03,2024-04-07,735897737,2025-05-27,MAT-96156,2025-09-26,Somebody,PK-561049,2026-08-08,LOT-72341875,2025-02-16,MAT-96156,Break,Peace,Manager,LAT04,Movement,Force,Newspaper,Popular,Business,Each,250,Within,339,Establish,432,About,Choose,US01,CT-9781-BYC,2026-01-10
