trial_alias,order_num,operation_num,operation_description,plant_id,actual_end_date,planned_end_date,days_off,flag_delete
CT-6910-RDE,C87DA7B5-D02,001,Preparation,AP03,2025-02-06,2025-02-08,4,No
CT-6910-RDE,C87DA7B5-D02,002,Assembly,AP03,2025-02-06,2025-01-30,-1,Yes
CT-6910-RDE,C87DA7B5-D02,003,Release,AP03,2025-02-12,2025-02-07,4,No
CT-3472-PNG,502EC192-A84,001,Preparation,US01,2025-06-02,2025-05-29,4,Yes
CT-3472-PNG,502EC192-A84,002,Assembly,US01,2025-05-30,2025-05-30,-1,No
CT-3472-PNG,502EC192-A84,003,Release,US01,2025-05-28,2025-06-06,-5,No
CT-8970-PLO,D30AB6AE-A77,001,Preparation,AP03,2025-10-15,2025-10-19,-1,No
CT-8970-PLO,D30AB6AE-A77,002,Assembly,AP03,2025-10-19,2025-10-12,-1,Yes
CT-8970-PLO,D30AB6AE-A77,003,Release,AP03,2025-10-13,2025-10-13,2,No
CT-6109-EDZ,93E2AB3B-625,001,Preparation,AP03,2025-07-01,2025-06-27,-4,No
CT-6109-EDZ,93E2AB3B-625,002,Assembly,AP03,2025-06-27,2025-06-27,3,No
CT-6109-EDZ,93E2AB3B-625,003,Release,AP03,2025-07-01,2025-06-15,2,No
CT-8742-ECD,49D908EC-D19,001,Preparation,EU02,2025-07-07,2025-07-05,-3,No
CT-8742-ECD,49D908EC-D19,002,Assembly,EU02,2025-07-06,2025-07-07,-1,Yes
CT-8742-ECD,49D908EC-D19,003,Release,EU02,2025-07-02,2025-07-05,-4,Yes
CT-6910-RDE,7F8EA55C-605,001,Preparation,EU02,2024-12-24,2024-12-29,-5,No
CT-6910-RDE,7F8EA55C-605,002,Assembly,EU02,2025-01-02,2024-12-30,-5,No
CT-6910-RDE,7F8EA55C-605,003,Release,EU02,2024-12-24,2024-12-19,-4,No
CT-5014-EEP,AB2CA71A-47C,001,Preparation,LAT04,2024-12-30,2024-12-25,2,Yes
CT-5014-EEP,AB2CA71A-47C,002,Assembly,LAT04,2024-12-24,2024-12-18,-3,Yes
CT-5014-EEP,AB2CA71A-47C,003,Release,LAT04,2024-12-22,2024-12-21,-1,No
CT-2004-PSX,EA3FBE37-E91,001,Preparation,EU02,2025-02-04,2025-02-02,5,No
CT-2004-PSX,EA3FBE37-E91,002,Assembly,EU02,2025-02-10,2025-01-31,4,No
CT-2004-PSX,EA3FBE37-E91,003,Release,EU02,2025-02-05,2025-01-28,-2,No
CT-9831-IEW,C2863B49-6B7,001,Preparation,LAT04,2025-03-30,2025-03-22,3,No
CT-9831-IEW,C2863B49-6B7,002,Assembly,LAT04,2025-04-03,2025-03-27,4,Yes
CT-9831-IEW,C2863B49-6B7,003,Release,LAT04,2025-03-29,2025-03-25,-3,No
CT-7484-BIH,7EA3E715-4EB,001,Preparation,AP03,2025-11-11,2025-11-14,1,No
CT-7484-BIH,7EA3E715-4EB,002,Assembly,AP03,2025-11-19,2025-11-14,3,No
CT-7484-BIH,7EA3E715-4EB,003,Release,AP03,2025-11-15,2025-11-07,0,Yes
CT-3395-UCM,F52B62BD-E91,001,Preparation,US01,2025-05-09,2025-05-04,-2,No
CT-3395-UCM,F52B62BD-E91,002,Assembly,US01,2025-05-16,2025-05-12,-3,Yes
CT-3395-UCM,F52B62BD-E91,003,Release,US01,2025-05-11,2025-05-04,5,Yes
CT-1696-SCY,D465FA61-668,001,Preparation,US01,2025-02-24,2025-03-03,-2,Yes
CT-1696-SCY,D465FA61-668,002,Assembly,US01,2025-02-28,2025-03-03,-2,No
CT-1696-SCY,D465FA61-668,003,Release,US01,2025-02-20,2025-02-17,-3,Yes
CT-6592-IDY,BAFF899E-7D4,001,Preparation,LAT04,2024-12-02,2024-11-26,5,Yes
CT-6592-IDY,BAFF899E-7D4,002,Assembly,LAT04,2024-12-05,2024-11-26,-3,Yes
CT-6592-IDY,BAFF899E-7D4,003,Release,LAT04,2024-12-03,2024-12-05,0,Yes
CT-3472-PNG,082EC977-749,001,Preparation,US01,2025-09-26,2025-09-24,-5,Yes
CT-3472-PNG,082EC977-749,002,Assembly,US01,2025-09-25,2025-09-22,4,Yes
CT-3472-PNG,082EC977-749,003,Release,US01,2025-09-23,2025-09-17,3,Yes
CT-8742-ECD,1DE4A4D7-80D,001,Preparation,EU02,2025-11-09,2025-10-30,-5,No
CT-8742-ECD,1DE4A4D7-80D,002,Assembly,EU02,2025-11-02,2025-11-12,3,Yes
CT-8742-ECD,1DE4A4D7-80D,003,Release,EU02,2025-11-05,2025-10-31,-1,Yes
CT-7487-KNX,4FFC728A-450,001,Preparation,US01,2025-10-07,2025-10-10,-1,Yes
CT-7487-KNX,4FFC728A-450,002,Assembly,US01,2025-10-08,2025-10-06,-4,No
CT-7487-KNX,4FFC728A-450,003,Release,US01,2025-10-09,2025-10-13,5,Yes
CT-6551-IBW,BE0807F8-705,001,Preparation,EU02,2025-04-24,2025-04-15,1,No
CT-6551-IBW,BE0807F8-705,002,Assembly,EU02,2025-04-18,2025-04-15,-1,Yes
CT-6551-IBW,BE0807F8-705,003,Release,EU02,2025-04-20,2025-04-20,1,Yes
CT-9781-BYC,C863EED3-4DE,001,Preparation,EU02,2025-03-20,2025-03-11,5,No
CT-9781-BYC,C863EED3-4DE,002,Assembly,EU02,2025-03-23,2025-03-22,1,Yes
CT-9781-BYC,C863EED3-4DE,003,Release,EU02,2025-03-22,2025-03-22,-4,Yes
CT-9831-IEW,1591A2AC-D6F,001,Preparation,AP03,2025-01-20,2025-01-03,-2,No
CT-9831-IEW,1591A2AC-D6F,002,Assembly,AP03,2025-01-14,2025-01-09,0,Yes
CT-9831-IEW,1591A2AC-D6F,003,Release,AP03,2025-01-18,2025-01-03,1,Yes
CT-7484-BIH,805781A7-E1A,001,Preparation,LAT04,2025-05-01,2025-04-18,-1,No
CT-7484-BIH,805781A7-E1A,002,Assembly,LAT04,2025-04-29,2025-04-28,5,No
CT-7484-BIH,805781A7-E1A,003,Release,LAT04,2025-04-28,2025-04-18,-5,No
CT-8742-ECD,13D53FD1-2EA,001,Preparation,LAT04,2025-10-10,2025-10-03,-2,Yes
CT-8742-ECD,13D53FD1-2EA,002,Assembly,LAT04,2025-10-10,2025-10-03,1,Yes
CT-8742-ECD,13D53FD1-2EA,003,Release,LAT04,2025-10-03,2025-09-26,1,No
CT-3230-HFO,354C0CEF-9FF,001,Preparation,US01,2025-03-25,2025-03-29,1,Yes
CT-3230-HFO,354C0CEF-9FF,002,Assembly,US01,2025-03-25,2025-03-21,-3,Yes
CT-3230-HFO,354C0CEF-9FF,003,Release,US01,2025-03-30,2025-04-02,-1,Yes
CT-8742-ECD,48F49FFF-6F5,001,Preparation,EU02,2024-12-24,2024-12-17,-4,Yes
CT-8742-ECD,48F49FFF-6F5,002,Assembly,EU02,2024-12-30,2024-12-19,-4,No
CT-8742-ECD,48F49FFF-6F5,003,Release,EU02,2024-12-27,2024-12-12,1,No
CT-2004-PSX,37399508-4AE,001,Preparation,EU02,2025-10-24,2025-10-27,-4,Yes
CT-2004-PSX,37399508-4AE,002,Assembly,EU02,2025-10-24,2025-10-23,4,Yes
CT-2004-PSX,37399508-4AE,003,Release,EU02,2025-10-24,2025-10-19,1,No
CT-8970-PLO,9CBEBD35-414,001,Preparation,US01,2025-03-21,2025-03-21,-1,No
CT-8970-PLO,9CBEBD35-414,002,Assembly,US01,2025-03-27,2025-03-20,-3,No
CT-8970-PLO,9CBEBD35-414,003,Release,US01,2025-03-19,2025-03-15,-3,No
CT-6910-RDE,0559EAA9-2EA,001,Preparation,US01,2025-04-14,2025-04-14,2,No
CT-6910-RDE,0559EAA9-2EA,002,Assembly,US01,2025-04-15,2025-04-10,0,No
CT-6910-RDE,0559EAA9-2EA,003,Release,US01,2025-04-14,2025-04-19,4,Yes
CT-8742-ECD,AAD7229E-CD6,001,Preparation,EU02,2025-01-02,2024-12-30,0,Yes
CT-8742-ECD,AAD7229E-CD6,002,Assembly,EU02,2025-01-05,2024-12-23,-5,No
CT-8742-ECD,AAD7229E-CD6,003,Release,EU02,2025-01-04,2024-12-27,4,No
CT-3636-AVP,7ECBBF33-951,001,Preparation,EU02,2025-02-06,2025-02-03,3,No
CT-3636-AVP,7ECBBF33-951,002,Assembly,EU02,2025-02-08,2025-02-07,2,No
CT-3636-AVP,7ECBBF33-951,003,Release,EU02,2025-02-12,2025-02-13,5,Yes
CT-6551-IBW,F892BADA-B88,001,Preparation,EU02,2025-07-21,2025-07-13,-4,Yes
CT-6551-IBW,F892BADA-B88,002,Assembly,EU02,2025-07-14,2025-07-21,-5,Yes
CT-6551-IBW,F892BADA-B88,003,Release,EU02,2025-07-16,2025-07-11,5,No
CT-8015-GMQ,216A0628-CE4,001,Preparation,US01,2025-06-29,2025-06-22,-5,No
CT-8015-GMQ,216A0628-CE4,002,Assembly,US01,2025-06-27,2025-07-02,5,No
CT-8015-GMQ,216A0628-CE4,003,Release,US01,2025-07-03,2025-06-27,2,No
CT-3472-PNG,661396B5-BE2,001,Preparation,US01,2025-05-15,2025-05-16,2,No
CT-3472-PNG,661396B5-BE2,002,Assembly,US01,2025-05-15,2025-05-23,-1,Yes
CT-3472-PNG,661396B5-BE2,003,Release,US01,2025-05-19,2025-05-12,-4,No
CT-3636-AVP,C1EDEFA4-014,001,Preparation,EU02,2025-11-22,2025-11-14,-2,Yes
CT-3636-AVP,C1EDEFA4-014,002,Assembly,EU02,2025-11-17,2025-11-22,-4,Yes
CT-3636-AVP,C1EDEFA4-014,003,Release,EU02,2025-11-23,2025-11-14,1,No
CT-5014-EEP,6779AAB3-F3B,001,Preparation,LAT04,2025-08-31,2025-08-26,-3,Yes
CT-5014-EEP,6779AAB3-F3B,002,Assembly,LAT04,2025-09-04,2025-08-24,5,No
CT-5014-EEP,6779AAB3-F3B,003,Release,LAT04,2025-09-03,2025-08-30,2,Yes
CT-5014-EEP,C39FF96A-D71,001,Preparation,LAT04,2025-05-17,2025-05-23,5,No
CT-5014-EEP,C39FF96A-D71,002,Assembly,LAT04,2025-05-16,2025-05-16,-2,Yes
CT-5014-EEP,C39FF96A-D71,003,Release,LAT04,2025-05-17,2025-05-12,2,No
CT-6551-IBW,23447E8F-F1B,001,Preparation,EU02,2025-07-20,2025-07-15,-3,No
CT-6551-IBW,23447E8F-F1B,002,Assembly,EU02,2025-07-22,2025-07-21,-5,Yes
CT-6551-IBW,23447E8F-F1B,003,Release,EU02,2025-07-21,2025-07-14,2,No
CT-6592-IDY,D620F7F5-660,001,Preparation,LAT04,2025-04-13,2025-04-04,1,No
CT-6592-IDY,D620F7F5-660,002,Assembly,LAT04,2025-04-08,2025-04-15,-3,No
CT-6592-IDY,D620F7F5-660,003,Release,LAT04,2025-04-06,2025-04-05,-5,Yes
CT-6551-IBW,9D1D8DAF-160,001,Preparation,EU02,2024-12-31,2024-12-20,-4,Yes
CT-6551-IBW,9D1D8DAF-160,002,Assembly,EU02,2025-01-04,2024-12-22,5,Yes
CT-6551-IBW,9D1D8DAF-160,003,Release,EU02,2025-01-01,2024-12-23,0,No
CT-3228-ZKT,CCD65B39-FFB,001,Preparation,EU02,2025-01-04,2024-12-27,5,No
CT-3228-ZKT,CCD65B39-FFB,002,Assembly,EU02,2025-01-10,2024-12-29,5,Yes
CT-3228-ZKT,CCD65B39-FFB,003,Release,EU02,2025-01-12,2024-12-28,-2,No
CT-1696-SCY,D9F20807-A58,001,Preparation,US01,2025-03-20,2025-03-29,-1,No
CT-1696-SCY,D9F20807-A58,002,Assembly,US01,2025-03-21,2025-03-16,4,Yes
CT-1696-SCY,D9F20807-A58,003,Release,US01,2025-03-24,2025-03-23,-2,No
CT-3636-AVP,053A9347-DD8,001,Preparation,AP03,2025-02-22,2025-02-15,-5,No
CT-3636-AVP,053A9347-DD8,002,Assembly,AP03,2025-02-19,2025-02-24,0,Yes
CT-3636-AVP,053A9347-DD8,003,Release,AP03,2025-02-17,2025-02-14,3,Yes
CT-6910-RDE,33A5606D-712,001,Preparation,US01,2025-06-13,2025-06-06,2,No
CT-6910-RDE,33A5606D-712,002,Assembly,US01,2025-06-08,2025-05-30,-2,No
CT-6910-RDE,33A5606D-712,003,Release,US01,2025-06-07,2025-06-13,-4,Yes
CT-9771-CZL,EC2064DF-354,001,Preparation,LAT04,2024-11-30,2024-12-04,3,Yes
CT-9771-CZL,EC2064DF-354,002,Assembly,LAT04,2024-12-05,2024-11-29,-5,No
CT-9771-CZL,EC2064DF-354,003,Release,LAT04,2024-12-02,2024-12-09,-3,Yes
CT-3230-HFO,C061C212-E16,001,Preparation,US01,2025-08-25,2025-08-24,-2,No
CT-3230-HFO,C061C212-E16,002,Assembly,US01,2025-08-23,2025-08-20,3,No
CT-3230-HFO,C061C212-E16,003,Release,US01,2025-08-20,2025-08-20,4,Yes
CT-7487-KNX,333F654A-085,001,Preparation,US01,2025-07-31,2025-07-31,4,Yes
CT-7487-KNX,333F654A-085,002,Assembly,US01,2025-08-02,2025-07-29,-5,No
CT-7487-KNX,333F654A-085,003,Release,US01,2025-07-31,2025-08-07,2,Yes
CT-6910-RDE,91976714-574,001,Preparation,US01,2025-08-04,2025-07-31,-2,No
CT-6910-RDE,91976714-574,002,Assembly,US01,2025-08-13,2025-07-29,0,Yes
CT-6910-RDE,91976714-574,003,Release,US01,2025-08-05,2025-08-06,-4,Yes
CT-8872-GKR,43A721B6-D4D,001,Preparation,LAT04,2025-10-05,2025-09-30,1,Yes
CT-8872-GKR,43A721B6-D4D,002,Assembly,LAT04,2025-10-11,2025-10-10,-1,Yes
CT-8872-GKR,43A721B6-D4D,003,Release,LAT04,2025-10-05,2025-10-10,3,Yes
CT-3472-PNG,CDED8377-18B,001,Preparation,LAT04,2025-07-25,2025-07-25,0,Yes
CT-3472-PNG,CDED8377-18B,002,Assembly,LAT04,2025-07-22,2025-07-21,0,No
CT-3472-PNG,CDED8377-18B,003,Release,LAT04,2025-07-28,2025-07-25,-3,Yes
CT-7487-KNX,E1DECF3D-AD6,001,Preparation,EU02,2025-04-10,2025-04-11,-1,Yes
CT-7487-KNX,E1DECF3D-AD6,002,Assembly,EU02,2025-04-10,2025-04-02,4,No
CT-7487-KNX,E1DECF3D-AD6,003,Release,EU02,2025-04-09,2025-04-10,-5,No
CT-3230-HFO,F5EA0FB0-86D,001,Preparation,US01,2025-04-10,2025-04-14,1,Yes
CT-3230-HFO,F5EA0FB0-86D,002,Assembly,US01,2025-04-11,2025-04-14,-1,No
CT-3230-HFO,F5EA0FB0-86D,003,Release,US01,2025-04-17,2025-04-11,0,Yes
CT-9831-IEW,A66ABC3D-ED8,001,Preparation,AP03,2025-10-14,2025-10-14,5,No
CT-9831-IEW,A66ABC3D-ED8,002,Assembly,AP03,2025-10-13,2025-10-21,-5,No
CT-9831-IEW,A66ABC3D-ED8,003,Release,AP03,2025-10-21,2025-10-09,1,No
CT-3228-ZKT,95696318-323,001,Preparation,US01,2025-01-27,2025-01-25,4,No
CT-3228-ZKT,95696318-323,002,Assembly,US01,2025-01-24,2025-01-22,-4,Yes
CT-3228-ZKT,95696318-323,003,Release,US01,2025-01-24,2025-01-21,1,Yes
CT-5014-EEP,A7AEB7DC-2CF,001,Preparation,LAT04,2025-07-18,2025-07-15,5,Yes
CT-5014-EEP,A7AEB7DC-2CF,002,Assembly,LAT04,2025-07-16,2025-07-17,0,No
CT-5014-EEP,A7AEB7DC-2CF,003,Release,LAT04,2025-07-13,2025-07-21,5,Yes
CT-9831-IEW,D4D67F91-29D,001,Preparation,LAT04,2025-03-17,2025-03-19,2,No
CT-9831-IEW,D4D67F91-29D,002,Assembly,LAT04,2025-03-15,2025-03-15,3,No
CT-9831-IEW,D4D67F91-29D,003,Release,LAT04,2025-03-22,2025-03-16,-2,Yes
CT-8970-PLO,06816510-E5D,001,Preparation,EU02,2025-08-15,2025-08-01,-1,Yes
CT-8970-PLO,06816510-E5D,002,Assembly,EU02,2025-08-17,2025-08-13,4,Yes
CT-8970-PLO,06816510-E5D,003,Release,EU02,2025-08-10,2025-08-02,0,Yes
CT-8015-GMQ,1466B603-499,001,Preparation,LAT04,2024-12-15,2024-12-15,4,No
CT-8015-GMQ,1466B603-499,002,Assembly,LAT04,2024-12-14,2024-12-22,2,Yes
CT-8015-GMQ,1466B603-499,003,Release,LAT04,2024-12-16,2024-12-11,5,No
CT-9781-BYC,092A544D-1B7,001,Preparation,AP03,2025-03-22,2025-03-21,4,No
CT-9781-BYC,092A544D-1B7,002,Assembly,AP03,2025-03-14,2025-03-19,-3,Yes
CT-9781-BYC,092A544D-1B7,003,Release,AP03,2025-03-16,2025-03-20,1,Yes
CT-7487-KNX,D991D9F7-CFE,001,Preparation,EU02,2025-08-08,2025-07-27,-4,No
CT-7487-KNX,D991D9F7-CFE,002,Assembly,EU02,2025-07-31,2025-08-05,-2,No
CT-7487-KNX,D991D9F7-CFE,003,Release,EU02,2025-08-03,2025-08-08,1,Yes
CT-8742-ECD,79E2FD5B-55E,001,Preparation,US01,2025-10-16,2025-10-21,-2,No
CT-8742-ECD,79E2FD5B-55E,002,Assembly,US01,2025-10-22,2025-10-18,3,Yes
CT-8742-ECD,79E2FD5B-55E,003,Release,US01,2025-10-16,2025-10-11,1,Yes
CT-9771-CZL,B8C67610-950,001,Preparation,LAT04,2025-07-02,2025-06-27,5,Yes
CT-9771-CZL,B8C67610-950,002,Assembly,LAT04,2025-07-05,2025-07-08,4,No
CT-9771-CZL,B8C67610-950,003,Release,LAT04,2025-07-08,2025-07-08,3,No
CT-3472-PNG,9E01693A-016,001,Preparation,US01,2025-08-07,2025-07-30,2,Yes
CT-3472-PNG,9E01693A-016,002,Assembly,US01,2025-08-03,2025-07-31,1,Yes
CT-3472-PNG,9E01693A-016,003,Release,US01,2025-08-03,2025-08-05,5,No
CT-5806-JWO,6C1C5C9C-E11,001,Preparation,US01,2025-08-14,2025-08-08,0,Yes
CT-5806-JWO,6C1C5C9C-E11,002,Assembly,US01,2025-08-13,2025-08-12,-2,Yes
CT-5806-JWO,6C1C5C9C-E11,003,Release,US01,2025-08-15,2025-08-12,0,No
CT-7487-KNX,43F442CA-654,001,Preparation,US01,2025-01-27,2025-01-30,2,No
CT-7487-KNX,43F442CA-654,002,Assembly,US01,2025-01-30,2025-01-27,-4,Yes
CT-7487-KNX,43F442CA-654,003,Release,US01,2025-01-27,2025-01-21,4,Yes
CT-5806-JWO,19165D8C-A56,001,Preparation,US01,2025-02-03,2025-02-02,3,No
CT-5806-JWO,19165D8C-A56,002,Assembly,US01,2025-02-05,2025-01-29,2,Yes
CT-5806-JWO,19165D8C-A56,003,Release,US01,2025-02-01,2025-01-29,0,Yes
CT-5014-EEP,84747643-3B7,001,Preparation,LAT04,2025-10-01,2025-10-01,-5,No
CT-5014-EEP,84747643-3B7,002,Assembly,LAT04,2025-09-29,2025-09-19,-4,Yes
CT-5014-EEP,84747643-3B7,003,Release,LAT04,2025-09-28,2025-09-26,-3,Yes
CT-5014-EEP,1237E7EE-E08,001,Preparation,LAT04,2025-04-07,2025-04-13,0,No
CT-5014-EEP,1237E7EE-E08,002,Assembly,LAT04,2025-04-05,2025-04-07,2,Yes
CT-5014-EEP,1237E7EE-E08,003,Release,LAT04,2025-04-03,2025-04-13,-5,Yes
CT-3395-UCM,423FCCAC-9C3,001,Preparation,US01,2024-12-10,2024-12-05,0,Yes
CT-3395-UCM,423FCCAC-9C3,002,Assembly,US01,2024-12-12,2024-12-08,5,No
CT-3395-UCM,423FCCAC-9C3,003,Release,US01,2024-12-12,2024-12-08,-2,No
CT-4229-AWU,9313CC9E-3F2,001,Preparation,AP03,2024-12-31,2024-12-20,5,No
CT-4229-AWU,9313CC9E-3F2,002,Assembly,AP03,2024-12-27,2024-12-22,-1,Yes
CT-4229-AWU,9313CC9E-3F2,003,Release,AP03,2024-12-30,2024-12-28,-1,Yes
CT-7047-GQC,6EDC0958-393,001,Preparation,AP03,2025-02-11,2025-02-07,-2,Yes
CT-7047-GQC,6EDC0958-393,002,Assembly,AP03,2025-02-04,2025-02-07,-3,No
CT-7047-GQC,6EDC0958-393,003,Release,AP03,2025-02-05,2025-01-31,2,Yes
CT-6592-IDY,3927BB78-AC5,001,Preparation,LAT04,2025-03-26,2025-03-29,5,Yes
CT-6592-IDY,3927BB78-AC5,002,Assembly,LAT04,2025-03-24,2025-03-30,5,Yes
CT-6592-IDY,3927BB78-AC5,003,Release,LAT04,2025-03-27,2025-04-01,5,No
CT-9831-IEW,71D8D50F-7AE,001,Preparation,LAT04,2025-07-17,2025-07-13,-2,No
CT-9831-IEW,71D8D50F-7AE,002,Assembly,LAT04,2025-07-21,2025-07-07,-2,Yes
CT-9831-IEW,71D8D50F-7AE,003,Release,LAT04,2025-07-14,2025-07-13,-4,Yes
CT-3230-HFO,16279966-43F,001,Preparation,AP03,2024-12-10,2024-12-12,-3,No
CT-3230-HFO,16279966-43F,002,Assembly,AP03,2024-12-10,2024-12-04,2,Yes
CT-3230-HFO,16279966-43F,003,Release,AP03,2024-12-17,2024-12-11,4,No
CT-9831-IEW,3B0FDA9F-884,001,Preparation,LAT04,2025-08-14,2025-08-06,1,Yes
CT-9831-IEW,3B0FDA9F-884,002,Assembly,LAT04,2025-08-12,2025-07-29,-5,Yes
CT-9831-IEW,3B0FDA9F-884,003,Release,LAT04,2025-08-11,2025-08-01,-3,No
CT-3636-AVP,A7510327-2D1,001,Preparation,EU02,2025-06-01,2025-05-29,4,Yes
CT-3636-AVP,A7510327-2D1,002,Assembly,EU02,2025-05-27,2025-05-31,-3,No
CT-3636-AVP,A7510327-2D1,003,Release,EU02,2025-05-25,2025-05-29,-3,Yes
CT-7047-GQC,CE77A960-CDA,001,Preparation,EU02,2025-05-09,2025-05-08,5,No
CT-7047-GQC,CE77A960-CDA,002,Assembly,EU02,2025-05-09,2025-05-08,-5,No
CT-7047-GQC,CE77A960-CDA,003,Release,EU02,2025-05-02,2025-04-28,-5,No
CT-4229-AWU,13D23ECC-032,001,Preparation,LAT04,2025-09-23,2025-09-18,1,No
CT-4229-AWU,13D23ECC-032,002,Assembly,LAT04,2025-09-24,2025-09-20,-1,No
CT-4229-AWU,13D23ECC-032,003,Release,LAT04,2025-09-27,2025-09-20,2,Yes
CT-3228-ZKT,DB096D51-BDC,001,Preparation,AP03,2025-10-20,2025-10-14,-4,Yes
CT-3228-ZKT,DB096D51-BDC,002,Assembly,AP03,2025-10-18,2025-10-17,-4,No
CT-3228-ZKT,DB096D51-BDC,003,Release,AP03,2025-10-20,2025-10-13,4,No
CT-5014-EEP,5B47E6AA-FAF,001,Preparation,LAT04,2025-09-03,2025-08-23,3,Yes
CT-5014-EEP,5B47E6AA-FAF,002,Assembly,LAT04,2025-08-29,2025-08-31,-2,Yes
CT-5014-EEP,5B47E6AA-FAF,003,Release,LAT04,2025-08-29,2025-08-21,4,No
CT-6551-IBW,ECA8CBD1-E04,001,Preparation,EU02,2024-12-04,2024-12-02,5,No
CT-6551-IBW,ECA8CBD1-E04,002,Assembly,EU02,2024-12-05,2024-12-15,0,Yes
CT-6551-IBW,ECA8CBD1-E04,003,Release,EU02,2024-12-05,2024-12-04,1,No
CT-7487-KNX,D5E639AD-82A,001,Preparation,US01,2025-05-17,2025-05-09,4,No
CT-7487-KNX,D5E639AD-82A,002,Assembly,US01,2025-05-12,2025-05-12,1,No
CT-7487-KNX,D5E639AD-82A,003,Release,US01,2025-05-18,2025-05-13,2,Yes
CT-2004-PSX,7C05434F-BD5,001,Preparation,EU02,2025-03-11,2025-03-15,-2,Yes
CT-2004-PSX,7C05434F-BD5,002,Assembly,EU02,2025-03-13,2025-03-05,-4,No
CT-2004-PSX,7C05434F-BD5,003,Release,EU02,2025-03-12,2025-03-16,4,No
CT-3395-UCM,75038E9B-BA2,001,Preparation,US01,2024-12-17,2024-12-10,-5,Yes
CT-3395-UCM,75038E9B-BA2,002,Assembly,US01,2024-12-18,2024-12-12,2,Yes
CT-3395-UCM,75038E9B-BA2,003,Release,US01,2024-12-12,2024-12-04,-5,No
CT-5014-EEP,60F22C34-AA2,001,Preparation,LAT04,2025-11-04,2025-11-01,-5,Yes
CT-5014-EEP,60F22C34-AA2,002,Assembly,LAT04,2025-11-08,2025-11-10,-4,No
CT-5014-EEP,60F22C34-AA2,003,Release,LAT04,2025-11-10,2025-11-07,-4,No
CT-2004-PSX,44597FDE-ED2,001,Preparation,EU02,2025-06-28,2025-06-22,0,No
CT-2004-PSX,44597FDE-ED2,002,Assembly,EU02,2025-06-30,2025-06-22,0,No
CT-2004-PSX,44597FDE-ED2,003,Release,EU02,2025-07-04,2025-07-03,1,Yes
CT-6109-EDZ,9853B6AB-C01,001,Preparation,AP03,2025-07-12,2025-07-10,-2,No
CT-6109-EDZ,9853B6AB-C01,002,Assembly,AP03,2025-07-06,2025-07-04,-2,Yes
CT-6109-EDZ,9853B6AB-C01,003,Release,AP03,2025-07-11,2025-07-14,-2,No
CT-8015-GMQ,2D1D3AF0-A99,001,Preparation,US01,2025-10-12,2025-10-09,2,No
CT-8015-GMQ,2D1D3AF0-A99,002,Assembly,US01,2025-10-15,2025-10-05,3,No
CT-8015-GMQ,2D1D3AF0-A99,003,Release,US01,2025-10-14,2025-10-14,-5,No
CT-2004-PSX,19B119B0-986,001,Preparation,EU02,2025-07-10,2025-07-09,2,Yes
CT-2004-PSX,19B119B0-986,002,Assembly,EU02,2025-07-01,2025-07-12,2,Yes
CT-2004-PSX,19B119B0-986,003,Release,EU02,2025-07-01,2025-07-02,-1,No
CT-9781-BYC,8733D49D-751,001,Preparation,AP03,2025-07-29,2025-07-23,-1,No
CT-9781-BYC,8733D49D-751,002,Assembly,AP03,2025-07-28,2025-07-25,0,Yes
CT-9781-BYC,8733D49D-751,003,Release,AP03,2025-07-31,2025-07-19,-1,No
CT-6109-EDZ,DC77B20F-464,001,Preparation,AP03,2025-05-22,2025-05-24,3,No
CT-6109-EDZ,DC77B20F-464,002,Assembly,AP03,2025-05-24,2025-05-31,-4,Yes
CT-6109-EDZ,DC77B20F-464,003,Release,AP03,2025-05-27,2025-05-23,-5,Yes
CT-3395-UCM,7BB74C9C-D85,001,Preparation,US01,2025-04-22,2025-04-27,-4,No
CT-3395-UCM,7BB74C9C-D85,002,Assembly,US01,2025-04-20,2025-04-15,4,No
CT-3395-UCM,7BB74C9C-D85,003,Release,US01,2025-04-15,2025-04-27,3,No
CT-9781-BYC,3FCA798E-FD6,001,Preparation,AP03,2025-11-09,2025-11-05,-3,No
CT-9781-BYC,3FCA798E-FD6,002,Assembly,AP03,2025-11-11,2025-11-02,-1,Yes
CT-9781-BYC,3FCA798E-FD6,003,Release,AP03,2025-11-06,2025-11-07,-1,No
CT-1696-SCY,B83CFAB5-B68,001,Preparation,US01,2025-03-29,2025-04-03,5,No
CT-1696-SCY,B83CFAB5-B68,002,Assembly,US01,2025-04-04,2025-03-30,-1,Yes
CT-1696-SCY,B83CFAB5-B68,003,Release,US01,2025-04-06,2025-03-29,0,No
CT-8872-GKR,6BF20FDB-A43,001,Preparation,US01,2025-04-22,2025-04-22,-3,Yes
CT-8872-GKR,6BF20FDB-A43,002,Assembly,US01,2025-04-23,2025-04-18,3,No
CT-8872-GKR,6BF20FDB-A43,003,Release,US01,2025-04-23,2025-04-21,-1,No
CT-8742-ECD,835C170B-558,001,Preparation,US01,2025-08-18,2025-08-18,4,No
CT-8742-ECD,835C170B-558,002,Assembly,US01,2025-08-13,2025-08-08,-1,No
CT-8742-ECD,835C170B-558,003,Release,US01,2025-08-22,2025-08-18,-4,No
CT-6109-EDZ,88D93C9A-BB6,001,Preparation,AP03,2025-07-27,2025-07-22,2,Yes
CT-6109-EDZ,88D93C9A-BB6,002,Assembly,AP03,2025-07-25,2025-07-20,-4,No
CT-6109-EDZ,88D93C9A-BB6,003,Release,AP03,2025-07-25,2025-07-23,3,No
CT-8015-GMQ,81962565-3BA,001,Preparation,LAT04,2025-07-24,2025-07-24,3,Yes
CT-8015-GMQ,81962565-3BA,002,Assembly,LAT04,2025-08-01,2025-08-02,0,No
CT-8015-GMQ,81962565-3BA,003,Release,LAT04,2025-07-31,2025-07-31,-3,Yes
CT-3472-PNG,84171620-97D,001,Preparation,LAT04,2025-02-02,2025-01-25,4,Yes
CT-3472-PNG,84171620-97D,002,Assembly,LAT04,2025-02-02,2025-01-26,-2,Yes
CT-3472-PNG,84171620-97D,003,Release,LAT04,2025-01-30,2025-01-26,4,No
CT-4229-AWU,276063F6-554,001,Preparation,AP03,2025-04-03,2025-04-08,-2,No
CT-4229-AWU,276063F6-554,002,Assembly,AP03,2025-04-01,2025-04-02,0,Yes
CT-4229-AWU,276063F6-554,003,Release,AP03,2025-03-31,2025-04-07,-4,No
CT-1816-RCG,4D00FA38-F44,001,Preparation,AP03,2025-01-19,2025-01-16,-4,No
CT-1816-RCG,4D00FA38-F44,002,Assembly,AP03,2025-01-18,2025-01-20,4,No
CT-1816-RCG,4D00FA38-F44,003,Release,AP03,2025-01-15,2025-01-09,-2,No
CT-3228-ZKT,B9D604CE-B27,001,Preparation,EU02,2024-12-23,2024-12-18,-2,No
CT-3228-ZKT,B9D604CE-B27,002,Assembly,EU02,2024-12-25,2024-12-26,4,Yes
CT-3228-ZKT,B9D604CE-B27,003,Release,EU02,2024-12-28,2024-12-23,0,Yes
CT-3636-AVP,88381E6F-DB8,001,Preparation,AP03,2024-12-25,2024-12-23,-1,Yes
CT-3636-AVP,88381E6F-DB8,002,Assembly,AP03,2024-12-25,2024-12-20,4,Yes
CT-3636-AVP,88381E6F-DB8,003,Release,AP03,2024-12-25,2024-12-20,4,No
CT-1696-SCY,F82FA87C-017,001,Preparation,EU02,2025-10-15,2025-10-12,1,No
CT-1696-SCY,F82FA87C-017,002,Assembly,EU02,2025-10-12,2025-10-16,-2,Yes
CT-1696-SCY,F82FA87C-017,003,Release,EU02,2025-10-13,2025-10-18,0,No
CT-9781-BYC,0B269C0B-68B,001,Preparation,EU02,2024-12-08,2024-11-29,2,No
CT-9781-BYC,0B269C0B-68B,002,Assembly,EU02,2024-12-10,2024-11-28,-5,Yes
CT-9781-BYC,0B269C0B-68B,003,Release,EU02,2024-12-06,2024-11-29,-5,Yes
CT-7487-KNX,53E512B4-F07,001,Preparation,US01,2025-03-02,2025-02-19,5,Yes
CT-7487-KNX,53E512B4-F07,002,Assembly,US01,2025-02-23,2025-03-01,-1,No
CT-7487-KNX,53E512B4-F07,003,Release,US01,2025-03-02,2025-02-27,1,Yes
CT-3230-HFO,21ED0BE4-ED0,001,Preparation,EU02,2025-07-02,2025-06-30,-5,No
CT-3230-HFO,21ED0BE4-ED0,002,Assembly,EU02,2025-06-23,2025-06-28,0,Yes
CT-3230-HFO,21ED0BE4-ED0,003,Release,EU02,2025-06-28,2025-06-30,-5,Yes
CT-7047-GQC,C9553C30-3C9,001,Preparation,EU02,2025-07-30,2025-08-02,-2,Yes
CT-7047-GQC,C9553C30-3C9,002,Assembly,EU02,2025-08-07,2025-07-30,5,Yes
CT-7047-GQC,C9553C30-3C9,003,Release,EU02,2025-08-04,2025-07-30,-5,No
CT-3472-PNG,C93ED8AD-5FB,001,Preparation,US01,2025-01-30,2025-01-24,1,Yes
CT-3472-PNG,C93ED8AD-5FB,002,Assembly,US01,2025-01-28,2025-01-21,-5,No
CT-3472-PNG,C93ED8AD-5FB,003,Release,US01,2025-01-30,2025-01-22,0,Yes
CT-9831-IEW,56F016D1-42A,001,Preparation,AP03,2025-05-14,2025-05-17,4,Yes
CT-9831-IEW,56F016D1-42A,002,Assembly,AP03,2025-05-20,2025-05-21,1,Yes
CT-9831-IEW,56F016D1-42A,003,Release,AP03,2025-05-15,2025-05-14,2,Yes
CT-3395-UCM,DC6732A6-B32,001,Preparation,LAT04,2025-04-21,2025-04-17,2,Yes
CT-3395-UCM,DC6732A6-B32,002,Assembly,LAT04,2025-04-28,2025-04-25,5,Yes
CT-3395-UCM,DC6732A6-B32,003,Release,LAT04,2025-04-20,2025-04-20,-2,Yes
CT-1816-RCG,1C290466-294,001,Preparation,EU02,2025-06-28,2025-06-22,4,Yes
CT-1816-RCG,1C290466-294,002,Assembly,EU02,2025-06-29,2025-07-02,4,No
CT-1816-RCG,1C290466-294,003,Release,EU02,2025-07-01,2025-06-21,-4,Yes
CT-1816-RCG,302EBFD8-75D,001,Preparation,AP03,2025-08-13,2025-07-31,5,Yes
CT-1816-RCG,302EBFD8-75D,002,Assembly,AP03,2025-08-13,2025-08-06,2,Yes
CT-1816-RCG,302EBFD8-75D,003,Release,AP03,2025-08-08,2025-08-06,-5,No
CT-7484-BIH,137379DF-53E,001,Preparation,LAT04,2024-12-15,2024-12-17,1,Yes
CT-7484-BIH,137379DF-53E,002,Assembly,LAT04,2024-12-14,2024-12-11,-4,Yes
CT-7484-BIH,137379DF-53E,003,Release,LAT04,2024-12-22,2024-12-10,-5,No
CT-1696-SCY,E70B0CD9-41B,001,Preparation,US01,2025-07-06,2025-06-28,-1,No
CT-1696-SCY,E70B0CD9-41B,002,Assembly,US01,2025-07-14,2025-06-28,5,No
CT-1696-SCY,E70B0CD9-41B,003,Release,US01,2025-07-08,2025-07-02,-2,No
CT-7484-BIH,C3C4CA8C-DA3,001,Preparation,LAT04,2025-06-09,2025-06-07,-3,Yes
CT-7484-BIH,C3C4CA8C-DA3,002,Assembly,LAT04,2025-06-10,2025-06-11,5,Yes
CT-7484-BIH,C3C4CA8C-DA3,003,Release,LAT04,2025-06-08,2025-06-08,4,Yes
CT-9771-CZL,7D85A9BB-51A,001,Preparation,LAT04,2025-04-09,2025-04-10,-1,Yes
CT-9771-CZL,7D85A9BB-51A,002,Assembly,LAT04,2025-04-10,2025-04-17,4,No
CT-9771-CZL,7D85A9BB-51A,003,Release,LAT04,2025-04-14,2025-04-11,4,Yes
CT-8015-GMQ,9F746DC7-45B,001,Preparation,US01,2025-02-17,2025-02-13,0,No
CT-8015-GMQ,9F746DC7-45B,002,Assembly,US01,2025-02-16,2025-02-05,4,Yes
CT-8015-GMQ,9F746DC7-45B,003,Release,US01,2025-02-20,2025-02-15,2,Yes
CT-5014-EEP,F07DEB5E-390,001,Preparation,LAT04,2025-02-27,2025-02-21,-3,No
CT-5014-EEP,F07DEB5E-390,002,Assembly,LAT04,2025-03-01,2025-02-20,3,Yes
CT-5014-EEP,F07DEB5E-390,003,Release,LAT04,2025-03-02,2025-02-23,0,No
CT-1696-SCY,DA07F536-CAB,001,Preparation,EU02,2025-08-19,2025-08-23,-3,Yes
CT-1696-SCY,DA07F536-CAB,002,Assembly,EU02,2025-08-19,2025-08-11,2,Yes
CT-1696-SCY,DA07F536-CAB,003,Release,EU02,2025-08-25,2025-08-21,-5,No
CT-3230-HFO,2F2C7D94-2CE,001,Preparation,EU02,2025-10-14,2025-10-10,1,No
CT-3230-HFO,2F2C7D94-2CE,002,Assembly,EU02,2025-10-17,2025-10-21,-5,No
CT-3230-HFO,2F2C7D94-2CE,003,Release,EU02,2025-10-18,2025-10-17,0,Yes
CT-2004-PSX,46866D25-F7F,001,Preparation,EU02,2025-05-18,2025-05-20,4,Yes
CT-2004-PSX,46866D25-F7F,002,Assembly,EU02,2025-05-20,2025-05-25,0,Yes
CT-2004-PSX,46866D25-F7F,003,Release,EU02,2025-05-20,2025-05-18,-4,No
CT-5014-EEP,657B8A24-549,001,Preparation,LAT04,2025-06-09,2025-06-04,-4,No
CT-5014-EEP,657B8A24-549,002,Assembly,LAT04,2025-06-09,2025-06-06,1,Yes
CT-5014-EEP,657B8A24-549,003,Release,LAT04,2025-06-08,2025-06-03,-2,No
CT-8970-PLO,721F5CBB-8FF,001,Preparation,EU02,2025-04-04,2025-03-30,-2,No
CT-8970-PLO,721F5CBB-8FF,002,Assembly,EU02,2025-03-30,2025-04-09,-3,Yes
CT-8970-PLO,721F5CBB-8FF,003,Release,EU02,2025-03-31,2025-04-02,2,Yes
CT-4229-AWU,3C28F46E-D2C,001,Preparation,US01,2025-07-18,2025-07-08,-3,No
CT-4229-AWU,3C28F46E-D2C,002,Assembly,US01,2025-07-13,2025-07-02,4,No
CT-4229-AWU,3C28F46E-D2C,003,Release,US01,2025-07-11,2025-07-12,-2,No
CT-5014-EEP,B4AACE38-46A,001,Preparation,LAT04,2025-03-11,2025-02-28,-2,No
CT-5014-EEP,B4AACE38-46A,002,Assembly,LAT04,2025-03-06,2025-02-26,0,Yes
CT-5014-EEP,B4AACE38-46A,003,Release,LAT04,2025-03-06,2025-03-02,-2,No
CT-7487-KNX,40399FB4-B0C,001,Preparation,EU02,2025-02-11,2025-02-12,-1,Yes
CT-7487-KNX,40399FB4-B0C,002,Assembly,EU02,2025-02-09,2025-02-06,-5,No
CT-7487-KNX,40399FB4-B0C,003,Release,EU02,2025-02-05,2025-02-07,-3,Yes
CT-3228-ZKT,7B08EEA7-A6C,001,Preparation,AP03,2025-04-08,2025-03-31,1,No
CT-3228-ZKT,7B08EEA7-A6C,002,Assembly,AP03,2025-04-09,2025-04-12,4,No
CT-3228-ZKT,7B08EEA7-A6C,003,Release,AP03,2025-04-02,2025-04-01,2,No
CT-8742-ECD,7697D79B-3FA,001,Preparation,EU02,2025-02-09,2025-01-23,-1,No
CT-8742-ECD,7697D79B-3FA,002,Assembly,EU02,2025-02-07,2025-01-23,0,Yes
CT-8742-ECD,7697D79B-3FA,003,Release,EU02,2025-02-04,2025-01-27,-2,No
CT-9771-CZL,30986C0B-785,001,Preparation,LAT04,2025-01-20,2025-01-11,-5,No
CT-9771-CZL,30986C0B-785,002,Assembly,LAT04,2025-01-20,2025-01-13,-1,Yes
CT-9771-CZL,30986C0B-785,003,Release,LAT04,2025-01-13,2025-01-14,4,No
CT-4229-AWU,E09D9D69-D6E,001,Preparation,EU02,2025-08-20,2025-08-10,4,No
CT-4229-AWU,E09D9D69-D6E,002,Assembly,EU02,2025-08-21,2025-08-15,-2,Yes
CT-4229-AWU,E09D9D69-D6E,003,Release,EU02,2025-08-22,2025-08-07,-5,No
CT-8742-ECD,272CA541-8B2,001,Preparation,EU02,2025-10-24,2025-10-29,-1,No
CT-8742-ECD,272CA541-8B2,002,Assembly,EU02,2025-10-30,2025-10-21,-2,No
CT-8742-ECD,272CA541-8B2,003,Release,EU02,2025-10-24,2025-10-18,-3,Yes
CT-1816-RCG,0DB649CA-F40,001,Preparation,EU02,2025-08-13,2025-08-07,0,No
CT-1816-RCG,0DB649CA-F40,002,Assembly,EU02,2025-08-15,2025-08-11,-2,Yes
CT-1816-RCG,0DB649CA-F40,003,Release,EU02,2025-08-21,2025-08-14,-5,Yes
CT-1816-RCG,E7347777-52D,001,Preparation,AP03,2025-07-07,2025-06-27,0,No
CT-1816-RCG,E7347777-52D,002,Assembly,AP03,2025-07-06,2025-07-02,-4,No
CT-1816-RCG,E7347777-52D,003,Release,AP03,2025-07-07,2025-07-03,-2,Yes
CT-8742-ECD,3FF3E6F8-274,001,Preparation,LAT04,2025-01-06,2025-01-05,5,No
CT-8742-ECD,3FF3E6F8-274,002,Assembly,LAT04,2025-01-04,2024-12-31,1,Yes
CT-8742-ECD,3FF3E6F8-274,003,Release,LAT04,2025-01-04,2025-01-03,2,Yes
CT-1816-RCG,DC052809-D93,001,Preparation,AP03,2025-01-10,2025-01-03,4,Yes
CT-1816-RCG,DC052809-D93,002,Assembly,AP03,2025-01-11,2025-01-04,1,No
CT-1816-RCG,DC052809-D93,003,Release,AP03,2025-01-12,2025-01-13,3,Yes
CT-1816-RCG,26C6F3AA-518,001,Preparation,AP03,2024-12-09,2024-12-09,-4,No
CT-1816-RCG,26C6F3AA-518,002,Assembly,AP03,2024-12-07,2024-12-05,0,No
CT-1816-RCG,26C6F3AA-518,003,Release,AP03,2024-12-08,2024-12-03,0,Yes
CT-5806-JWO,BEBE3F6F-617,001,Preparation,AP03,2025-11-08,2025-11-02,1,No
CT-5806-JWO,BEBE3F6F-617,002,Assembly,AP03,2025-11-07,2025-10-26,3,Yes
CT-5806-JWO,BEBE3F6F-617,003,Release,AP03,2025-11-06,2025-11-08,-2,No
CT-6592-IDY,72B8F29D-C0E,001,Preparation,LAT04,2025-01-26,2025-01-24,-2,No
CT-6592-IDY,72B8F29D-C0E,002,Assembly,LAT04,2025-01-20,2025-01-14,0,No
CT-6592-IDY,72B8F29D-C0E,003,Release,LAT04,2025-01-20,2025-01-26,-1,Yes
CT-3395-UCM,4C575DF3-DBF,001,Preparation,LAT04,2025-10-11,2025-10-01,-1,Yes
CT-3395-UCM,4C575DF3-DBF,002,Assembly,LAT04,2025-10-17,2025-10-14,5,Yes
CT-3395-UCM,4C575DF3-DBF,003,Release,LAT04,2025-10-15,2025-10-03,-5,No
CT-9781-BYC,362FCDC7-090,001,Preparation,AP03,2025-10-20,2025-10-14,-3,Yes
CT-9781-BYC,362FCDC7-090,002,Assembly,AP03,2025-10-22,2025-10-20,0,Yes
CT-9781-BYC,362FCDC7-090,003,Release,AP03,2025-10-19,2025-10-18,-2,No
CT-6109-EDZ,D822806C-DEC,001,Preparation,AP03,2025-06-25,2025-06-16,-5,No
CT-6109-EDZ,D822806C-DEC,002,Assembly,AP03,2025-06-21,2025-06-24,-2,No
CT-6109-EDZ,D822806C-DEC,003,Release,AP03,2025-06-27,2025-06-19,0,Yes
CT-1816-RCG,87528E6A-790,001,Preparation,EU02,2025-08-03,2025-07-29,2,Yes
CT-1816-RCG,87528E6A-790,002,Assembly,EU02,2025-08-03,2025-07-24,-3,Yes
CT-1816-RCG,87528E6A-790,003,Release,EU02,2025-08-08,2025-08-02,-4,No
CT-9831-IEW,FF0D6EB9-415,001,Preparation,US01,2025-02-01,2025-01-29,0,No
CT-9831-IEW,FF0D6EB9-415,002,Assembly,US01,2025-01-29,2025-01-24,-3,Yes
CT-9831-IEW,FF0D6EB9-415,003,Release,US01,2025-02-05,2025-01-24,-1,No
CT-9831-IEW,CA6F43AD-A7B,001,Preparation,AP03,2025-06-13,2025-06-14,-1,No
CT-9831-IEW,CA6F43AD-A7B,002,Assembly,AP03,2025-06-12,2025-06-15,5,No
CT-9831-IEW,CA6F43AD-A7B,003,Release,AP03,2025-06-15,2025-06-10,3,No
CT-3230-HFO,215887CE-296,001,Preparation,AP03,2025-01-01,2024-12-24,0,Yes
CT-3230-HFO,215887CE-296,002,Assembly,AP03,2024-12-28,2024-12-17,3,Yes
CT-3230-HFO,215887CE-296,003,Release,AP03,2024-12-27,2024-12-31,0,No
CT-8872-GKR,6578EBA2-254,001,Preparation,US01,2025-08-24,2025-08-21,-2,Yes
CT-8872-GKR,6578EBA2-254,002,Assembly,US01,2025-08-24,2025-08-17,5,Yes
CT-8872-GKR,6578EBA2-254,003,Release,US01,2025-08-23,2025-08-15,-4,No
CT-9831-IEW,C8E46777-965,001,Preparation,LAT04,2025-02-26,2025-02-25,2,Yes
CT-9831-IEW,C8E46777-965,002,Assembly,LAT04,2025-02-20,2025-02-24,-3,Yes
CT-9831-IEW,C8E46777-965,003,Release,LAT04,2025-02-26,2025-02-23,2,Yes
CT-8742-ECD,FDCEFEF5-08F,001,Preparation,LAT04,2025-07-04,2025-06-19,5,Yes
CT-8742-ECD,FDCEFEF5-08F,002,Assembly,LAT04,2025-07-03,2025-06-27,-3,No
CT-8742-ECD,FDCEFEF5-08F,003,Release,LAT04,2025-06-30,2025-06-21,2,Yes
CT-4229-AWU,84B7FABF-DFC,001,Preparation,AP03,2025-10-14,2025-10-13,0,Yes
CT-4229-AWU,84B7FABF-DFC,002,Assembly,AP03,2025-10-10,2025-10-09,1,No
CT-4229-AWU,84B7FABF-DFC,003,Release,AP03,2025-10-11,2025-10-13,0,No
CT-5806-JWO,E2E08976-B06,001,Preparation,US01,2025-04-27,2025-04-30,0,Yes
CT-5806-JWO,E2E08976-B06,002,Assembly,US01,2025-04-22,2025-04-24,0,Yes
CT-5806-JWO,E2E08976-B06,003,Release,US01,2025-04-30,2025-04-19,-3,Yes
CT-8742-ECD,B346DE58-18B,001,Preparation,EU02,2025-05-06,2025-04-22,-1,Yes
CT-8742-ECD,B346DE58-18B,002,Assembly,EU02,2025-05-07,2025-04-29,0,Yes
CT-8742-ECD,B346DE58-18B,003,Release,EU02,2025-04-30,2025-05-01,-4,No
CT-2004-PSX,24B63DC5-4E0,001,Preparation,EU02,2025-04-19,2025-04-17,3,Yes
CT-2004-PSX,24B63DC5-4E0,002,Assembly,EU02,2025-04-17,2025-04-20,2,Yes
CT-2004-PSX,24B63DC5-4E0,003,Release,EU02,2025-04-25,2025-04-25,-2,No
CT-3472-PNG,A3929C23-5C7,001,Preparation,US01,2025-10-04,2025-10-09,-5,Yes
CT-3472-PNG,A3929C23-5C7,002,Assembly,US01,2025-10-08,2025-09-29,3,No
CT-3472-PNG,A3929C23-5C7,003,Release,US01,2025-10-02,2025-09-29,3,No
CT-8970-PLO,57C036FF-7C4,001,Preparation,US01,2025-08-08,2025-07-28,-2,Yes
CT-8970-PLO,57C036FF-7C4,002,Assembly,US01,2025-08-11,2025-07-31,-3,Yes
CT-8970-PLO,57C036FF-7C4,003,Release,US01,2025-08-11,2025-08-08,3,Yes
CT-9831-IEW,C8CA32C6-E9E,001,Preparation,LAT04,2025-11-03,2025-11-03,-5,Yes
CT-9831-IEW,C8CA32C6-E9E,002,Assembly,LAT04,2025-10-30,2025-11-01,3,No
CT-9831-IEW,C8CA32C6-E9E,003,Release,LAT04,2025-11-05,2025-10-29,0,No
CT-3228-ZKT,ACC4DB4C-3ED,001,Preparation,AP03,2025-09-21,2025-09-22,-1,Yes
CT-3228-ZKT,ACC4DB4C-3ED,002,Assembly,AP03,2025-09-20,2025-09-11,3,Yes
CT-3228-ZKT,ACC4DB4C-3ED,003,Release,AP03,2025-09-22,2025-09-19,-2,No
CT-8015-GMQ,577BCE94-FDC,001,Preparation,LAT04,2025-03-27,2025-03-29,1,Yes
CT-8015-GMQ,577BCE94-FDC,002,Assembly,LAT04,2025-03-27,2025-04-04,5,No
CT-8015-GMQ,577BCE94-FDC,003,Release,LAT04,2025-04-01,2025-03-27,1,Yes
CT-3230-HFO,72E2F609-A3F,001,Preparation,US01,2025-01-08,2025-01-03,0,No
CT-3230-HFO,72E2F609-A3F,002,Assembly,US01,2025-01-09,2025-01-03,2,Yes
CT-3230-HFO,72E2F609-A3F,003,Release,US01,2025-01-15,2025-01-04,-3,Yes
CT-3395-UCM,5B67D985-194,001,Preparation,LAT04,2025-01-30,2025-01-21,3,Yes
CT-3395-UCM,5B67D985-194,002,Assembly,LAT04,2025-01-27,2025-01-30,-5,No
CT-3395-UCM,5B67D985-194,003,Release,LAT04,2025-01-22,2025-01-26,1,No
CT-5014-EEP,A1F0CF54-5A3,001,Preparation,LAT04,2025-02-16,2025-02-06,1,Yes
CT-5014-EEP,A1F0CF54-5A3,002,Assembly,LAT04,2025-02-12,2025-02-07,-3,No
CT-5014-EEP,A1F0CF54-5A3,003,Release,LAT04,2025-02-16,2025-02-14,5,Yes
CT-5806-JWO,150CE384-BD4,001,Preparation,US01,2025-07-08,2025-07-06,-2,No
CT-5806-JWO,150CE384-BD4,002,Assembly,US01,2025-07-12,2025-07-02,-5,Yes
CT-5806-JWO,150CE384-BD4,003,Release,US01,2025-07-08,2025-07-08,-1,Yes
CT-1696-SCY,1E2662CC-B8F,001,Preparation,US01,2025-09-08,2025-08-30,0,Yes
CT-1696-SCY,1E2662CC-B8F,002,Assembly,US01,2025-09-10,2025-08-31,2,No
CT-1696-SCY,1E2662CC-B8F,003,Release,US01,2025-09-10,2025-08-30,-5,Yes
CT-7487-KNX,10DC3E02-6DA,001,Preparation,EU02,2024-12-20,2024-12-21,-2,Yes
CT-7487-KNX,10DC3E02-6DA,002,Assembly,EU02,2024-12-15,2024-12-21,-1,Yes
CT-7487-KNX,10DC3E02-6DA,003,Release,EU02,2024-12-17,2024-12-17,-1,Yes
CT-1696-SCY,29A6CFAF-AF6,001,Preparation,US01,2025-06-14,2025-06-04,-5,No
CT-1696-SCY,29A6CFAF-AF6,002,Assembly,US01,2025-06-17,2025-06-05,5,Yes
CT-1696-SCY,29A6CFAF-AF6,003,Release,US01,2025-06-15,2025-06-14,-1,No
CT-8970-PLO,04FD0749-0E8,001,Preparation,EU02,2025-01-31,2025-01-31,3,No
CT-8970-PLO,04FD0749-0E8,002,Assembly,EU02,2025-01-31,2025-01-18,-1,No
CT-8970-PLO,04FD0749-0E8,003,Release,EU02,2025-01-25,2025-01-21,0,Yes
CT-8970-PLO,18BE1300-48F,001,Preparation,US01,2025-02-24,2025-02-24,2,No
CT-8970-PLO,18BE1300-48F,002,Assembly,US01,2025-02-24,2025-02-21,-5,No
CT-8970-PLO,18BE1300-48F,003,Release,US01,2025-03-05,2025-03-03,2,Yes
CT-6551-IBW,2A431C19-BD6,001,Preparation,US01,2025-01-14,2025-01-13,5,No
CT-6551-IBW,2A431C19-BD6,002,Assembly,US01,2025-01-11,2025-01-13,4,Yes
CT-6551-IBW,2A431C19-BD6,003,Release,US01,2025-01-14,2025-01-15,3,No
CT-6109-EDZ,B91ED3F0-13C,001,Preparation,AP03,2024-12-09,2024-12-03,-4,No
CT-6109-EDZ,B91ED3F0-13C,002,Assembly,AP03,2024-12-09,2024-11-25,0,No
CT-6109-EDZ,B91ED3F0-13C,003,Release,AP03,2024-12-07,2024-12-04,-4,Yes
CT-1816-RCG,E9DC4109-30B,001,Preparation,AP03,2025-03-31,2025-03-29,-1,Yes
CT-1816-RCG,E9DC4109-30B,002,Assembly,AP03,2025-04-02,2025-03-23,-1,Yes
CT-1816-RCG,E9DC4109-30B,003,Release,AP03,2025-03-29,2025-03-25,-1,No
CT-7487-KNX,654F1F56-570,001,Preparation,EU02,2025-05-31,2025-05-30,4,No
CT-7487-KNX,654F1F56-570,002,Assembly,EU02,2025-06-08,2025-06-01,-4,No
CT-7487-KNX,654F1F56-570,003,Release,EU02,2025-05-30,2025-05-29,-3,Yes
CT-9781-BYC,ADA890D8-F3F,001,Preparation,AP03,2025-08-19,2025-08-11,-1,Yes
CT-9781-BYC,ADA890D8-F3F,002,Assembly,AP03,2025-08-26,2025-08-07,3,Yes
CT-9781-BYC,ADA890D8-F3F,003,Release,AP03,2025-08-25,2025-08-09,-5,No
CT-8970-PLO,ECE5617D-411,001,Preparation,EU02,2025-01-28,2025-01-19,0,Yes
CT-8970-PLO,ECE5617D-411,002,Assembly,EU02,2025-01-26,2025-01-17,3,Yes
CT-8970-PLO,ECE5617D-411,003,Release,EU02,2025-01-27,2025-01-20,-4,Yes
CT-7484-BIH,044D2FC6-0A1,001,Preparation,LAT04,2025-10-22,2025-10-24,0,Yes
CT-7484-BIH,044D2FC6-0A1,002,Assembly,LAT04,2025-10-27,2025-10-21,2,No
CT-7484-BIH,044D2FC6-0A1,003,Release,LAT04,2025-10-22,2025-10-25,5,Yes
CT-3472-PNG,954B5F54-FC0,001,Preparation,US01,2025-01-10,2025-01-04,3,Yes
CT-3472-PNG,954B5F54-FC0,002,Assembly,US01,2025-01-09,2025-01-02,2,Yes
CT-3472-PNG,954B5F54-FC0,003,Release,US01,2025-01-12,2025-01-13,-5,No
CT-5806-JWO,41D466A6-21E,001,Preparation,AP03,2025-11-20,2025-11-06,-2,Yes
CT-5806-JWO,41D466A6-21E,002,Assembly,AP03,2025-11-15,2025-11-14,-2,Yes
CT-5806-JWO,41D466A6-21E,003,Release,AP03,2025-11-21,2025-11-16,1,No
CT-6592-IDY,7C1A47DE-DD1,001,Preparation,LAT04,2025-02-06,2025-01-29,1,Yes
CT-6592-IDY,7C1A47DE-DD1,002,Assembly,LAT04,2025-02-03,2025-02-10,4,Yes
CT-6592-IDY,7C1A47DE-DD1,003,Release,LAT04,2025-02-06,2025-02-03,0,No
CT-8015-GMQ,694E96DC-2A6,001,Preparation,US01,2025-06-14,2025-06-07,-2,No
CT-8015-GMQ,694E96DC-2A6,002,Assembly,US01,2025-06-14,2025-05-29,1,Yes
CT-8015-GMQ,694E96DC-2A6,003,Release,US01,2025-06-07,2025-06-11,-3,Yes
CT-9781-BYC,41760EC3-898,001,Preparation,AP03,2025-02-01,2025-01-19,5,No
CT-9781-BYC,41760EC3-898,002,Assembly,AP03,2025-02-01,2025-01-26,-2,No
CT-9781-BYC,41760EC3-898,003,Release,AP03,2025-02-04,2025-01-24,-1,Yes
CT-8970-PLO,CCFEC4B3-889,001,Preparation,AP03,2025-10-23,2025-10-18,-5,Yes
CT-8970-PLO,CCFEC4B3-889,002,Assembly,AP03,2025-10-29,2025-10-24,-3,Yes
CT-8970-PLO,CCFEC4B3-889,003,Release,AP03,2025-10-29,2025-10-17,-5,No
CT-7487-KNX,603EDC76-89F,001,Preparation,EU02,2025-08-25,2025-08-20,2,Yes
CT-7487-KNX,603EDC76-89F,002,Assembly,EU02,2025-08-24,2025-08-16,-4,Yes
CT-7487-KNX,603EDC76-89F,003,Release,EU02,2025-08-31,2025-08-22,-3,No
CT-1816-RCG,535A2ABA-732,001,Preparation,AP03,2025-05-07,2025-05-03,-4,Yes
CT-1816-RCG,535A2ABA-732,002,Assembly,AP03,2025-05-08,2025-05-07,-3,Yes
CT-1816-RCG,535A2ABA-732,003,Release,AP03,2025-05-08,2025-05-04,-2,Yes
CT-8015-GMQ,060D2D29-5FD,001,Preparation,US01,2025-11-14,2025-11-13,3,No
CT-8015-GMQ,060D2D29-5FD,002,Assembly,US01,2025-11-14,2025-11-09,-4,No
CT-8015-GMQ,060D2D29-5FD,003,Release,US01,2025-11-16,2025-11-10,-4,Yes
CT-3472-PNG,29C1FE4B-0BF,001,Preparation,LAT04,2025-03-16,2025-03-26,2,No
CT-3472-PNG,29C1FE4B-0BF,002,Assembly,LAT04,2025-03-18,2025-03-13,0,No
CT-3472-PNG,29C1FE4B-0BF,003,Release,LAT04,2025-03-17,2025-03-23,1,No
CT-3395-UCM,CD20E168-B67,001,Preparation,LAT04,2025-10-03,2025-10-01,2,No
CT-3395-UCM,CD20E168-B67,002,Assembly,LAT04,2025-10-08,2025-09-23,0,Yes
CT-3395-UCM,CD20E168-B67,003,Release,LAT04,2025-09-30,2025-09-27,0,Yes
CT-3636-AVP,F810F57F-82C,001,Preparation,AP03,2025-02-20,2025-02-20,-5,No
CT-3636-AVP,F810F57F-82C,002,Assembly,AP03,2025-02-22,2025-02-18,-3,Yes
CT-3636-AVP,F810F57F-82C,003,Release,AP03,2025-02-20,2025-02-20,-3,Yes
CT-8015-GMQ,F58F8FB7-75D,001,Preparation,US01,2025-02-24,2025-03-02,1,Yes
CT-8015-GMQ,F58F8FB7-75D,002,Assembly,US01,2025-02-24,2025-02-25,-3,No
CT-8015-GMQ,F58F8FB7-75D,003,Release,US01,2025-02-27,2025-02-23,3,Yes
CT-4229-AWU,A8BF7403-DA8,001,Preparation,EU02,2025-06-08,2025-06-12,-3,No
CT-4229-AWU,A8BF7403-DA8,002,Assembly,EU02,2025-06-08,2025-06-14,-1,No
CT-4229-AWU,A8BF7403-DA8,003,Release,EU02,2025-06-10,2025-06-10,1,No
CT-3472-PNG,22D3A96C-CE5,001,Preparation,US01,2025-05-24,2025-05-28,-4,No
CT-3472-PNG,22D3A96C-CE5,002,Assembly,US01,2025-05-27,2025-05-31,-5,No
CT-3472-PNG,22D3A96C-CE5,003,Release,US01,2025-05-25,2025-05-20,-2,Yes
CT-8015-GMQ,6BBDED17-78C,001,Preparation,US01,2024-12-21,2024-12-21,-2,No
CT-8015-GMQ,6BBDED17-78C,002,Assembly,US01,2024-12-22,2024-12-18,5,No
CT-8015-GMQ,6BBDED17-78C,003,Release,US01,2024-12-20,2024-12-19,4,No
CT-9781-BYC,D1C0BAB1-86B,001,Preparation,EU02,2025-07-18,2025-07-08,4,Yes
CT-9781-BYC,D1C0BAB1-86B,002,Assembly,EU02,2025-07-18,2025-07-05,0,Yes
CT-9781-BYC,D1C0BAB1-86B,003,Release,EU02,2025-07-23,2025-07-12,-5,Yes
CT-1696-SCY,7E8BFE7E-71C,001,Preparation,US01,2025-03-11,2025-03-09,-4,No
CT-1696-SCY,7E8BFE7E-71C,002,Assembly,US01,2025-03-04,2025-02-23,-4,No
CT-1696-SCY,7E8BFE7E-71C,003,Release,US01,2025-03-12,2025-03-03,-3,No
CT-7484-BIH,C8C1DDA2-376,001,Preparation,EU02,2025-07-11,2025-06-26,4,No
CT-7484-BIH,C8C1DDA2-376,002,Assembly,EU02,2025-07-10,2025-07-04,0,Yes
CT-7484-BIH,C8C1DDA2-376,003,Release,EU02,2025-07-06,2025-06-30,1,No
CT-9831-IEW,F038C3DD-DF4,001,Preparation,LAT04,2024-12-18,2024-12-17,1,Yes
CT-9831-IEW,F038C3DD-DF4,002,Assembly,LAT04,2024-12-16,2024-12-09,-4,No
CT-9831-IEW,F038C3DD-DF4,003,Release,LAT04,2024-12-17,2024-12-15,-2,Yes
CT-2004-PSX,86905D6E-07A,001,Preparation,EU02,2025-05-08,2025-05-09,-2,Yes
CT-2004-PSX,86905D6E-07A,002,Assembly,EU02,2025-05-10,2025-05-14,5,Yes
CT-2004-PSX,86905D6E-07A,003,Release,EU02,2025-05-10,2025-05-08,5,No
CT-6910-RDE,974CD620-D0E,001,Preparation,US01,2025-11-02,2025-10-28,-5,No
CT-6910-RDE,974CD620-D0E,002,Assembly,US01,2025-11-04,2025-10-28,-1,Yes
CT-6910-RDE,974CD620-D0E,003,Release,US01,2025-11-06,2025-11-04,2,Yes
CT-6109-EDZ,A124C449-F40,001,Preparation,EU02,2025-07-27,2025-07-21,2,Yes
CT-6109-EDZ,A124C449-F40,002,Assembly,EU02,2025-07-26,2025-07-15,-4,Yes
CT-6109-EDZ,A124C449-F40,003,Release,EU02,2025-07-19,2025-07-20,3,Yes
CT-9771-CZL,37B5CD9F-E09,001,Preparation,LAT04,2025-05-05,2025-04-25,0,Yes
CT-9771-CZL,37B5CD9F-E09,002,Assembly,LAT04,2025-04-30,2025-04-22,1,No
CT-9771-CZL,37B5CD9F-E09,003,Release,LAT04,2025-05-03,2025-05-01,0,Yes
CT-3228-ZKT,99D24A00-746,001,Preparation,AP03,2025-06-19,2025-06-08,-4,Yes
CT-3228-ZKT,99D24A00-746,002,Assembly,AP03,2025-06-20,2025-06-08,4,Yes
CT-3228-ZKT,99D24A00-746,003,Release,AP03,2025-06-21,2025-06-15,-4,No
CT-8742-ECD,105D5698-13F,001,Preparation,US01,2025-10-01,2025-10-06,-2,No
CT-8742-ECD,105D5698-13F,002,Assembly,US01,2025-10-05,2025-10-03,-4,Yes
CT-8742-ECD,105D5698-13F,003,Release,US01,2025-09-29,2025-09-22,3,No
CT-7487-KNX,4C90F0B2-38C,001,Preparation,EU02,2025-02-16,2025-02-19,4,No
CT-7487-KNX,4C90F0B2-38C,002,Assembly,EU02,2025-02-17,2025-02-10,-5,Yes
CT-7487-KNX,4C90F0B2-38C,003,Release,EU02,2025-02-16,2025-02-15,-5,Yes
CT-8872-GKR,D12FEB9C-3EF,001,Preparation,LAT04,2025-08-11,2025-08-10,-1,Yes
CT-8872-GKR,D12FEB9C-3EF,002,Assembly,LAT04,2025-08-14,2025-08-22,1,Yes
CT-8872-GKR,D12FEB9C-3EF,003,Release,LAT04,2025-08-12,2025-08-23,3,No
CT-5806-JWO,703C84BA-54F,001,Preparation,US01,2025-01-03,2024-12-28,2,Yes
CT-5806-JWO,703C84BA-54F,002,Assembly,US01,2025-01-05,2024-12-25,2,No
CT-5806-JWO,703C84BA-54F,003,Release,US01,2024-12-29,2024-12-31,4,No
CT-1816-RCG,6AA14615-5B4,001,Preparation,AP03,2025-06-20,2025-06-07,5,Yes
CT-1816-RCG,6AA14615-5B4,002,Assembly,AP03,2025-06-15,2025-06-15,-2,Yes
CT-1816-RCG,6AA14615-5B4,003,Release,AP03,2025-06-23,2025-06-08,-5,No
CT-9781-BYC,79EDC353-4DF,001,Preparation,AP03,2025-10-02,2025-10-02,4,Yes
CT-9781-BYC,79EDC353-4DF,002,Assembly,AP03,2025-10-04,2025-10-03,3,Yes
CT-9781-BYC,79EDC353-4DF,003,Release,AP03,2025-10-05,2025-10-05,5,No
CT-6910-RDE,AD35DE4B-215,001,Preparation,AP03,2025-03-06,2025-03-07,0,No
CT-6910-RDE,AD35DE4B-215,002,Assembly,AP03,2025-03-10,2025-03-12,5,Yes
CT-6910-RDE,AD35DE4B-215,003,Release,AP03,2025-03-15,2025-03-06,1,Yes
CT-9781-BYC,5BF6AB13-B1D,001,Preparation,AP03,2025-11-15,2025-11-18,4,Yes
CT-9781-BYC,5BF6AB13-B1D,002,Assembly,AP03,2025-11-19,2025-11-12,1,No
CT-9781-BYC,5BF6AB13-B1D,003,Release,AP03,2025-11-16,2025-11-17,2,Yes
CT-2004-PSX,820B4015-B5D,001,Preparation,EU02,2025-09-29,2025-09-30,-3,Yes
CT-2004-PSX,820B4015-B5D,002,Assembly,EU02,2025-10-06,2025-09-22,4,Yes
CT-2004-PSX,820B4015-B5D,003,Release,EU02,2025-10-04,2025-09-28,-2,No
CT-9771-CZL,CC4ACAE6-0A8,001,Preparation,LAT04,2025-01-18,2025-01-18,-3,No
CT-9771-CZL,CC4ACAE6-0A8,002,Assembly,LAT04,2025-01-23,2025-01-20,4,No
CT-9771-CZL,CC4ACAE6-0A8,003,Release,LAT04,2025-01-17,2025-01-24,-3,No
CT-8015-GMQ,420B1E11-8DA,001,Preparation,US01,2025-01-29,2025-01-29,-4,No
CT-8015-GMQ,420B1E11-8DA,002,Assembly,US01,2025-02-02,2025-02-03,-4,No
CT-8015-GMQ,420B1E11-8DA,003,Release,US01,2025-02-01,2025-02-02,1,No
CT-3636-AVP,0ACC4422-7D1,001,Preparation,EU02,2025-04-30,2025-04-18,-3,Yes
CT-3636-AVP,0ACC4422-7D1,002,Assembly,EU02,2025-04-28,2025-04-21,-5,Yes
CT-3636-AVP,0ACC4422-7D1,003,Release,EU02,2025-04-22,2025-04-23,0,No
CT-7487-KNX,AED5210F-538,001,Preparation,EU02,2025-11-24,2025-11-21,3,No
CT-7487-KNX,AED5210F-538,002,Assembly,EU02,2025-11-30,2025-11-29,2,No
CT-7487-KNX,AED5210F-538,003,Release,EU02,2025-11-28,2025-11-25,0,Yes
CT-9771-CZL,F2407184-2CE,001,Preparation,LAT04,2025-07-28,2025-07-20,2,Yes
CT-9771-CZL,F2407184-2CE,002,Assembly,LAT04,2025-07-28,2025-07-17,0,No
CT-9771-CZL,F2407184-2CE,003,Release,LAT04,2025-07-27,2025-07-25,0,Yes
CT-3395-UCM,38951FD6-B03,001,Preparation,US01,2025-02-12,2025-02-10,-3,Yes
CT-3395-UCM,38951FD6-B03,002,Assembly,US01,2025-02-12,2025-02-04,-3,Yes
CT-3395-UCM,38951FD6-B03,003,Release,US01,2025-02-04,2025-02-07,4,Yes
CT-6551-IBW,96B625BB-687,001,Preparation,US01,2025-07-19,2025-07-15,1,No
CT-6551-IBW,96B625BB-687,002,Assembly,US01,2025-07-18,2025-07-07,-1,Yes
CT-6551-IBW,96B625BB-687,003,Release,US01,2025-07-13,2025-07-08,1,No
