Old Qty,New Qty,Purchase Document Date,Purchasing Document Type,Material,Purchasing document number,Item number of purchasing document,Plant,Purchasing Group,Schedule line number,Vendor,FACTCAL ID,MRP AREA,MRP CONTRL,MRP TYPE,New Date,Old Date,Reason,Lead Time,FAC_CAL_DEL_DATE,ZDELDATE,Factory Calendar ID,MRP Characteristic,MRP Controller,Product Description,Days Difference,Hit Reason,Actual PO Date,Scheduled PO Date,Qty Ordered,Qty Received,Qty Variance Pront,Po Release Date,Elapse Lead Time,Hit Flag,Internal Vendor Flag,Lead Time Given,Statistical Delivery Date,Purch Order Type Id,Item Delivery Date,Purch Grp Id,Vendor Id,Planned Lead Time,Inbound Delivery Date,MRP Type Id,MRP Controller Id,Days Early Late,Vendor Name,Goods Receipt Date,Flag Delete,Purchase order Flag_Open/Close,Trial Alias
92,89,2025-01-14,FO,MAT-93657,3450102385,23,AP03,PG84,5,V335644,447078083,MRP-53,MRP-66,VV,2023-11-17,2024-04-04,Foreign,5,2026-06-20,2026-02-15,892757294,MRP-36,MRP-109,Dog Patch,15,Reflect,2025-01-14,2025-02-09,92,88,-1,2025-01-12,13,Yes,V3756630,3,2026-04-21,663766579,2026-03-30,864951877,V2037016,7,2025-07-11,PD,MRP-127,9,Williams-Duffy Pharma,2026-04-24,Yes,Yes,CT-6910-RDE
63,76,2025-05-16,FO,MAT-22152,7640317445,76,US01,PG23,3,V924475,138807612,MRP-75,MRP-16,VB,2026-01-02,2026-10-31,Think,24,2023-11-20,2025-06-14,384873475,MRP-53,MRP-129,Culture Solution,-4,Blue,2025-05-16,2025-06-09,63,63,1,2025-05-14,29,No,V3132787,35,2024-07-15,361675639,2026-08-11,601212833,V3512703,17,2026-01-18,VB,MRP-125,27,Smith Group Pharma,2026-09-14,Yes,Yes,CT-3472-PNG
90,88,2025-10-03,FO,MAT-85304,5782779159,42,AP03,PG33,4,V622368,452561172,MRP-30,MRP-91,VV,2024-05-05,2025-08-30,All,42,2026-02-17,2025-02-27,556815648,MRP-70,MRP-117,Artist Solution,2,North,2025-10-03,2025-10-23,90,86,2,2025-10-01,15,Yes,V8173299,33,2025-06-29,357332079,2024-09-19,361524281,V6237220,3,2025-10-28,PD,MRP-136,22,Hughes-Kelly Pharma,2023-12-05,No,No,CT-8970-PLO
223,222,2025-06-07,FO,MAT-86168,9376188254,88,AP03,PG40,3,V557334,153770363,MRP-81,MRP-62,PD,2025-07-08,2025-05-13,Choice,23,2025-09-25,2026-08-21,343670105,MRP-85,MRP-119,Run Solution,6,Camera,2025-06-07,2025-06-28,223,219,2,2025-06-05,5,No,V1261703,28,2026-03-20,878098058,2026-10-06,101958444,V7246601,19,2026-06-07,VB,MRP-102,24,"Green, Garcia and Gonzalez Pharma",2026-01-20,No,Yes,CT-6109-EDZ
139,129,2025-06-21,FO,MAT-15875,8411692963,17,EU02,PG51,3,V970386,501590307,MRP-69,MRP-14,VB,2024-04-24,2025-08-30,Run,40,2025-01-27,2026-06-06,862037129,MRP-96,MRP-138,Happy Solution,1,Authority,2025-06-21,2025-07-10,139,135,5,2025-06-19,10,No,V6741311,7,2025-10-09,882591257,2026-03-17,678007596,V4650680,36,2026-04-08,PD,MRP-134,27,"Stewart, Smith and Gutierrez Pharma",2025-10-29,Yes,No,CT-8742-ECD
140,139,2024-12-14,NB,MAT-33689,5115911344,34,EU02,PG61,2,V968991,470147417,MRP-50,MRP-53,VV,2026-08-24,2026-01-31,Drop,4,2024-02-29,2026-08-15,230512981,MRP-78,MRP-116,South Capsule,0,Old,2024-12-14,2024-12-31,140,140,-1,2024-12-12,22,Yes,V9168702,28,2024-12-12,170933896,2026-06-05,243762144,V7510291,14,2025-01-21,PD,MRP-106,9,Peters LLC Pharma,2024-01-22,No,Yes,CT-6910-RDE
262,264,2024-12-07,NB,MAT-39627,6654129933,67,LAT04,PG96,5,V659954,497209262,MRP-33,MRP-60,PD,2025-12-19,2025-05-07,Use,34,2024-10-23,2025-07-14,211467920,MRP-58,MRP-123,Fund Tablet,-3,Able,2024-12-07,2024-12-28,262,260,1,2024-12-05,7,Yes,V1307141,21,2026-03-17,256459601,2025-01-11,969242559,V1331704,28,2026-08-02,VV,MRP-115,6,"Taylor, Burns and Smith Pharma",2024-04-08,Yes,Yes,CT-5014-EEP
25,43,2025-01-28,NB,MAT-60599,1415746306,75,EU02,PG24,3,V969362,546114275,MRP-79,MRP-43,VB,2025-05-14,2026-03-17,Whatever,10,2026-03-03,2026-01-26,125019108,MRP-55,MRP-113,Traditional Patch,15,Star,2025-01-28,2025-02-06,25,24,-3,2025-01-26,5,Yes,V1882904,22,2024-02-01,524355794,2023-11-14,648818400,V5018637,30,2025-04-24,VV,MRP-113,15,Evans PLC Pharma,2024-08-24,No,Yes,CT-2004-PSX
290,301,2025-03-12,FO,MAT-16078,9438526991,17,LAT04,PG89,5,V179483,189114458,MRP-19,MRP-34,PD,2026-02-26,2025-09-26,Service,44,2025-03-05,2026-02-26,354179420,MRP-35,MRP-139,Stock Patch,0,Cup,2025-03-12,2025-04-06,290,285,0,2025-03-10,21,No,V9048826,27,2026-09-11,372590822,2023-12-24,407566266,V1283702,5,2023-11-30,PD,MRP-102,15,"Adams, Brooks and Boyer Pharma",2024-10-06,Yes,No,CT-9831-IEW
31,25,2025-10-26,NB,MAT-66374,1051807083,36,AP03,PG29,2,V172910,885235647,MRP-92,MRP-31,VV,2023-12-02,2024-05-05,Red,30,2024-04-23,2025-05-19,785610335,MRP-96,MRP-135,Oil Tablet,15,Serve,2025-10-26,2025-11-20,31,29,4,2025-10-24,11,No,V2348411,19,2024-05-08,417976134,2024-03-22,112553796,V2669443,17,2025-03-08,VB,MRP-136,6,"Ramos, Russell and Martin Pharma",2023-12-18,Yes,No,CT-7484-BIH
122,124,2025-04-30,FO,MAT-40706,4227528085,66,US01,PG38,5,V432998,475208896,MRP-22,MRP-55,PD,2026-10-23,2025-03-11,Interesting,20,2025-01-06,2024-06-07,257649017,MRP-73,MRP-103,Keep Capsule,10,Yeah,2025-04-30,2025-05-13,122,118,3,2025-04-28,12,No,V6397551,44,2025-12-27,768167047,2025-05-26,860462444,V8839261,30,2026-08-28,PD,MRP-132,24,"Montgomery, Davidson and Smith Pharma",2024-08-29,No,No,CT-3395-UCM
197,189,2025-02-18,NB,MAT-78401,5700660171,49,US01,PG88,5,V156800,241576831,MRP-16,MRP-57,VB,2025-04-25,2025-11-13,Necessary,41,2025-03-09,2026-07-14,487282806,MRP-53,MRP-103,Expect Tablet,-2,Which,2025-02-18,2025-03-04,197,194,2,2025-02-16,11,Yes,V7426954,19,2026-03-19,796825739,2026-04-21,536591855,V4325373,7,2024-11-16,VV,MRP-139,26,Taylor Group Pharma,2025-11-10,No,Yes,CT-1696-SCY
12,7,2024-11-19,NB,MAT-49508,9727747792,33,LAT04,PG41,2,V447288,399432763,MRP-57,MRP-22,VB,2025-05-05,2025-02-22,Hear,36,2024-12-12,2025-01-08,573496328,MRP-72,MRP-116,Able Patch,-1,Green,2024-11-19,2024-12-06,12,12,-3,2024-11-17,14,Yes,V4337551,19,2026-09-07,475157877,2026-09-14,686559261,V5723514,25,2026-07-19,VB,MRP-138,27,Baker-Morgan Pharma,2026-02-15,Yes,Yes,CT-6592-IDY
242,235,2025-09-04,FO,MAT-22152,9788783848,66,US01,PG83,1,V736183,413791278,MRP-98,MRP-47,PD,2026-10-30,2024-07-15,Someone,8,2024-06-23,2024-10-25,488348018,MRP-25,MRP-129,Culture Solution,0,Run,2025-09-04,2025-09-27,242,239,-1,2025-09-02,9,No,V1203737,18,2023-12-24,968053604,2025-08-22,465897385,V7123150,38,2025-03-29,VV,MRP-117,28,Williams-Harrison Pharma,2025-11-12,Yes,No,CT-3472-PNG
171,161,2025-10-20,FO,MAT-15875,6797910300,41,EU02,PG17,4,V632391,791502118,MRP-98,MRP-40,VB,2026-01-26,2024-01-08,Get,6,2024-03-07,2026-09-02,494574757,MRP-36,MRP-138,Happy Solution,6,Training,2025-10-20,2025-11-13,171,171,1,2025-10-18,18,Yes,V1545731,22,2026-11-03,318054396,2025-02-14,630952328,V8468098,25,2024-10-11,VV,MRP-116,4,Robertson PLC Pharma,2025-10-22,Yes,Yes,CT-8742-ECD
23,34,2025-10-03,NB,MAT-59372,4796202511,54,US01,PG41,1,V564248,946622155,MRP-23,MRP-72,VV,2024-06-24,2026-01-17,Agree,5,2026-04-26,2024-02-22,915333638,MRP-66,MRP-126,Issue Patch,0,Those,2025-10-03,2025-10-16,23,21,-5,2025-10-01,17,Yes,V9811064,9,2024-08-11,290491549,2024-10-10,635598225,V4732988,12,2026-01-21,PD,MRP-128,2,"Reed, Peterson and Faulkner Pharma",2025-02-13,Yes,Yes,CT-7487-KNX
175,171,2025-04-08,FO,MAT-79992,6010332527,51,EU02,PG16,2,V178919,281164770,MRP-31,MRP-92,VV,2025-08-24,2024-02-21,Report,43,2025-01-29,2024-11-23,147236747,MRP-79,MRP-115,Anyone Tablet,-2,Second,2025-04-08,2025-04-23,175,171,0,2025-04-06,20,Yes,V8333981,9,2024-05-31,437849590,2024-05-31,354590621,V2486493,5,2025-11-26,VB,MRP-107,29,Wang and Sons Pharma,2026-05-18,Yes,Yes,CT-6551-IBW
107,112,2025-02-23,NB,MAT-31615,5358198707,41,EU02,PG68,2,V340406,446001845,MRP-43,MRP-30,PD,2023-12-02,2025-08-28,Letter,45,2026-02-12,2026-09-21,146052571,MRP-62,MRP-122,Trouble Capsule,12,Race,2025-02-23,2025-03-24,107,105,-2,2025-02-21,12,No,V7141593,6,2026-05-12,560415882,2024-04-24,915799330,V2192517,28,2026-08-17,PD,MRP-118,28,Flores-Martin Pharma,2026-07-21,Yes,Yes,CT-9781-BYC
16,32,2024-12-27,FO,MAT-49651,2159809333,88,AP03,PG34,4,V670844,885554935,MRP-47,MRP-57,VB,2025-07-05,2024-06-21,Interest,17,2025-07-15,2024-09-20,552647272,MRP-24,MRP-112,High Injection,7,Discuss,2024-12-27,2025-01-18,16,12,1,2024-12-25,18,Yes,V1808571,7,2024-03-09,843286199,2026-09-03,534447255,V6418247,34,2026-06-01,PD,MRP-127,22,"Robinson, Randolph and Crawford Pharma",2024-11-16,Yes,Yes,CT-9831-IEW
229,236,2025-04-11,FO,MAT-66257,5224146906,40,LAT04,PG80,4,V101162,622895092,MRP-67,MRP-79,VB,2026-10-07,2025-04-18,Job,30,2026-10-30,2026-03-24,162663448,MRP-37,MRP-133,Hundred Solution,2,Along,2025-04-11,2025-05-02,229,228,3,2025-04-09,18,Yes,V7835890,27,2024-02-24,520615371,2023-11-23,798216482,V9515648,23,2024-01-12,VB,MRP-122,28,Miller and Sons Pharma,2024-01-13,No,Yes,CT-7484-BIH
20,37,2025-09-26,FO,MAT-16848,9195387112,89,LAT04,PG34,3,V158514,452083764,MRP-21,MRP-19,VB,2024-05-18,2026-09-23,Whole,32,2024-03-08,2026-08-10,909062327,MRP-50,MRP-106,Blue Patch,4,Agency,2025-09-26,2025-10-09,20,19,4,2025-09-24,28,No,V7867768,28,2026-06-29,598307181,2024-03-24,691936770,V9342616,36,2025-07-08,VV,MRP-114,16,Tran Group Pharma,2023-12-10,No,No,CT-8742-ECD
67,58,2025-03-14,NB,MAT-73628,4471753660,66,US01,PG27,4,V290503,244618039,MRP-75,MRP-64,VB,2023-11-17,2026-08-09,Treat,17,2026-10-22,2025-10-24,982008789,MRP-93,MRP-138,Health Solution,1,Simple,2025-03-14,2025-04-05,67,66,-4,2025-03-12,23,Yes,V6649025,19,2023-12-15,492949533,2025-12-30,922435083,V8824930,14,2025-12-16,VB,MRP-125,1,Marshall and Sons Pharma,2024-05-29,No,Yes,CT-3230-HFO
79,85,2024-12-12,FO,MAT-15875,6258416936,87,EU02,PG89,2,V286480,499128908,MRP-68,MRP-27,PD,2024-12-15,2024-12-01,Region,26,2025-01-12,2026-10-10,641704359,MRP-68,MRP-138,Happy Solution,14,Where,2024-12-12,2024-12-27,79,75,1,2024-12-10,5,Yes,V5937017,7,2025-03-20,243181041,2026-08-06,265381604,V6104267,25,2024-02-11,VB,MRP-138,4,Coleman PLC Pharma,2026-10-06,Yes,No,CT-8742-ECD
237,230,2025-10-15,FO,MAT-97442,9516291738,51,EU02,PG64,3,V674175,598331347,MRP-52,MRP-26,VB,2024-08-31,2024-09-05,Yourself,38,2026-02-18,2025-08-22,651804301,MRP-86,MRP-101,Common Patch,3,Year,2025-10-15,2025-11-02,237,236,4,2025-10-13,11,No,V6252983,28,2026-07-11,114610463,2025-09-11,812650235,V5923258,26,2024-05-21,VB,MRP-106,4,Gonzales PLC Pharma,2023-12-31,No,Yes,CT-2004-PSX
190,206,2025-03-19,NB,MAT-86920,6789748837,27,US01,PG56,5,V661634,451851577,MRP-12,MRP-13,VB,2023-12-17,2025-12-24,Decade,23,2024-03-23,2026-06-28,267408718,MRP-38,MRP-105,Various Solution,12,Car,2025-03-19,2025-03-30,190,185,4,2025-03-17,20,No,V4880907,23,2026-02-14,803360005,2024-04-25,112357754,V1797012,39,2026-04-20,VV,MRP-108,2,Harris-Jenkins Pharma,2024-08-02,Yes,No,CT-8970-PLO
54,58,2025-03-29,NB,MAT-22108,9145646936,30,US01,PG26,2,V324977,118629195,MRP-54,MRP-15,VB,2024-02-03,2024-07-30,Significant,26,2024-08-18,2026-01-15,268978045,MRP-19,MRP-102,Win Injection,1,Child,2025-03-29,2025-04-22,54,50,2,2025-03-27,27,No,V8606914,41,2025-10-21,418592877,2025-02-04,137759071,V2975977,26,2026-08-07,VV,MRP-114,16,"Harrison, Robinson and Alvarez Pharma",2026-03-21,No,No,CT-6910-RDE
212,207,2024-12-16,FO,MAT-47254,1745649851,76,EU02,PG40,2,V161824,166067274,MRP-46,MRP-21,VV,2023-11-30,2025-10-03,Land,20,2024-07-09,2025-04-23,129084009,MRP-38,MRP-136,Article Tablet,13,There,2024-12-16,2025-01-07,212,211,-4,2024-12-14,26,Yes,V4539478,19,2024-03-18,570450617,2026-04-02,688089800,V8377588,18,2026-04-21,VV,MRP-106,28,Fields Ltd Pharma,2025-04-30,No,No,CT-8742-ECD
98,103,2025-01-22,NB,MAT-54383,3568671452,73,EU02,PG53,3,V410587,333001811,MRP-82,MRP-88,PD,2024-11-07,2024-10-25,Difference,32,2024-08-14,2023-12-21,339151107,MRP-84,MRP-108,Agency Injection,5,Pull,2025-01-22,2025-02-16,98,97,-2,2025-01-20,6,No,V2578950,12,2024-06-10,476656670,2026-10-01,306729566,V8212043,13,2024-01-06,VV,MRP-119,2,"Soto, Wheeler and Johnson Pharma",2024-08-18,No,No,CT-3636-AVP
177,174,2025-07-07,FO,MAT-75647,1613027846,42,EU02,PG36,2,V296596,443265704,MRP-50,MRP-61,PD,2024-06-28,2026-06-15,Reflect,8,2026-09-09,2026-08-07,914499777,MRP-21,MRP-124,Member Solution,-1,First,2025-07-07,2025-07-24,177,174,5,2025-07-05,8,No,V6405003,25,2025-04-28,269510167,2025-01-09,278087851,V2401312,20,2026-06-16,VV,MRP-118,9,Webb Ltd Pharma,2024-01-08,No,No,CT-6551-IBW
268,260,2025-06-24,FO,MAT-74459,8642101871,26,US01,PG18,1,V846796,700720867,MRP-54,MRP-17,PD,2026-06-30,2026-03-11,Beat,44,2025-10-19,2025-09-27,960104903,MRP-34,MRP-114,Memory Solution,13,Skin,2025-06-24,2025-07-07,268,268,-3,2025-06-22,21,No,V6240960,24,2026-09-12,943653077,2025-03-14,361598721,V8022364,38,2025-01-19,PD,MRP-137,25,"Bowman, Kelly and Martinez Pharma",2024-05-16,Yes,Yes,CT-8015-GMQ
269,284,2025-05-14,FO,MAT-22152,5454186420,82,US01,PG54,5,V666277,716170978,MRP-59,MRP-75,VV,2024-09-27,2023-12-16,Although,44,2026-07-25,2026-07-24,399073428,MRP-18,MRP-129,Culture Solution,0,Receive,2025-05-14,2025-05-26,269,268,5,2025-05-12,18,No,V1468827,13,2026-08-02,370304882,2025-06-01,685414998,V5342393,10,2026-03-09,VV,MRP-136,10,Davis-Webb Pharma,2024-10-28,Yes,No,CT-3472-PNG
237,244,2025-11-02,FO,MAT-54383,7347150581,72,EU02,PG19,2,V165028,852160445,MRP-91,MRP-87,VB,2025-05-02,2025-06-27,Out,33,2026-01-01,2026-04-27,846457213,MRP-62,MRP-108,Agency Injection,-2,Forget,2025-11-02,2025-11-27,237,232,2,2025-10-31,11,No,V9622615,38,2026-10-09,791844133,2025-01-28,486136923,V2746676,4,2025-09-18,VV,MRP-120,7,"Smith, Smith and Chapman Pharma",2024-11-20,No,No,CT-3636-AVP
149,151,2025-08-06,NB,MAT-39627,7631394353,56,LAT04,PG52,4,V262014,614557592,MRP-89,MRP-56,VB,2023-12-29,2024-06-10,Method,42,2024-10-07,2026-01-30,947530757,MRP-93,MRP-123,Fund Tablet,-2,Alone,2025-08-06,2025-09-04,149,147,-1,2025-08-04,14,Yes,V5969566,19,2024-08-24,789665080,2025-05-04,854273177,V2339815,22,2024-01-26,VV,MRP-116,28,Wong-Davis Pharma,2025-02-20,No,Yes,CT-5014-EEP
182,189,2025-05-13,FO,MAT-53554,4885901129,36,LAT04,PG39,2,V583735,199279435,MRP-39,MRP-49,VB,2026-05-08,2025-05-08,Region,10,2026-07-11,2025-08-30,873421634,MRP-31,MRP-103,They Capsule,12,Yourself,2025-05-13,2025-05-24,182,182,1,2025-05-11,29,Yes,V7697083,4,2025-06-03,854391950,2026-02-05,288604776,V6959913,34,2026-03-20,PD,MRP-129,28,"Morgan, Franklin and Arroyo Pharma",2024-08-15,No,Yes,CT-5014-EEP
133,133,2025-07-17,NB,MAT-75647,9279911126,46,EU02,PG99,5,V541867,555268409,MRP-15,MRP-41,VB,2024-12-21,2026-04-26,Second,27,2024-09-01,2024-09-10,560328229,MRP-39,MRP-124,Member Solution,0,Forward,2025-07-17,2025-07-29,133,130,3,2025-07-15,7,No,V9265746,45,2025-11-28,276831888,2024-08-16,385261167,V8918227,13,2026-10-24,VB,MRP-117,16,Kirby-Hanson Pharma,2024-02-18,No,Yes,CT-6551-IBW
263,256,2025-03-20,NB,MAT-49508,6171709828,46,LAT04,PG94,4,V839759,785412153,MRP-18,MRP-42,PD,2025-11-20,2024-11-03,Movement,23,2025-09-10,2025-07-26,952250579,MRP-77,MRP-116,Able Patch,15,Meeting,2025-03-20,2025-04-16,263,263,-1,2025-03-18,28,Yes,V4268088,29,2025-06-08,878386882,2024-07-22,716491053,V5979723,44,2025-06-21,PD,MRP-139,6,"Lang, Scott and Wong Pharma",2026-07-20,No,No,CT-6592-IDY
168,167,2024-12-24,NB,MAT-79992,1758477108,53,EU02,PG83,2,V779435,631643664,MRP-92,MRP-24,VV,2024-07-07,2024-01-29,Have,40,2026-07-03,2024-09-20,415326913,MRP-86,MRP-115,Anyone Tablet,5,Large,2024-12-24,2025-01-03,168,165,-1,2024-12-22,13,Yes,V7583203,7,2026-10-06,934049865,2024-11-05,633911723,V6208537,7,2024-11-18,VB,MRP-122,5,Davis-Gould Pharma,2026-08-11,No,Yes,CT-6551-IBW
36,51,2024-12-14,FO,MAT-58266,5626018714,71,EU02,PG23,1,V803526,310893120,MRP-64,MRP-41,VV,2023-11-19,2024-10-14,Skill,17,2025-12-11,2025-12-25,586057457,MRP-95,MRP-114,Tree Injection,3,Change,2024-12-14,2025-01-11,36,35,-1,2024-12-12,22,No,V7382320,19,2025-08-11,794411147,2026-06-21,369656504,V7740601,37,2023-12-17,VV,MRP-122,22,Mitchell-Miller Pharma,2026-09-02,Yes,No,CT-3228-ZKT
110,130,2025-03-17,NB,MAT-78401,2112335499,43,US01,PG68,5,V442804,344544631,MRP-45,MRP-60,PD,2026-08-05,2026-10-23,Arm,18,2024-07-17,2025-05-05,651155041,MRP-71,MRP-103,Expect Tablet,-2,Want,2025-03-17,2025-03-31,110,109,-4,2025-03-15,25,Yes,V8811832,24,2024-05-18,159363756,2026-05-19,226784686,V8326085,16,2026-07-26,VB,MRP-131,27,"Farley, Davis and Barr Pharma",2026-06-03,No,No,CT-1696-SCY
114,105,2025-02-08,NB,MAT-46171,6480445110,21,AP03,PG77,5,V652584,126836856,MRP-32,MRP-55,VV,2026-07-24,2025-06-07,Hand,11,2025-07-11,2026-03-08,538662969,MRP-32,MRP-136,Though Solution,-4,Possible,2025-02-08,2025-02-25,114,114,0,2025-02-06,30,No,V8532849,44,2024-11-29,423321973,2024-02-03,947845808,V7288338,33,2025-08-08,PD,MRP-124,7,Foley-Ramirez Pharma,2023-12-30,Yes,No,CT-3636-AVP
254,249,2025-05-15,FO,MAT-22108,1481065715,55,US01,PG59,2,V931471,193357482,MRP-58,MRP-39,VV,2024-05-21,2026-01-20,Want,5,2026-02-28,2024-09-12,105708428,MRP-57,MRP-102,Win Injection,13,Really,2025-05-15,2025-06-14,254,249,5,2025-05-13,19,No,V4131220,41,2025-08-15,153225471,2026-08-30,643526799,V1637671,37,2024-01-16,PD,MRP-127,2,Thompson-Johnson Pharma,2023-12-03,No,No,CT-6910-RDE
230,247,2024-12-06,FO,MAT-22610,8976574334,72,LAT04,PG62,4,V549911,278787938,MRP-36,MRP-33,VB,2024-06-20,2026-11-03,Majority,4,2024-01-01,2025-04-27,353988766,MRP-98,MRP-108,Us Solution,1,Everybody,2024-12-06,2024-12-13,230,227,5,2024-12-04,13,Yes,V2202148,33,2023-11-15,270306387,2025-05-14,810015300,V6781233,10,2024-04-06,VB,MRP-115,21,Bond-Richardson Pharma,2024-10-01,Yes,No,CT-9771-CZL
291,305,2025-08-23,FO,MAT-73628,2115967176,44,US01,PG81,1,V485908,358199024,MRP-49,MRP-31,VB,2024-07-04,2026-10-07,I,20,2024-08-14,2026-01-03,940038774,MRP-74,MRP-138,Health Solution,7,Hour,2025-08-23,2025-09-02,291,286,0,2025-08-21,22,No,V5724479,3,2025-09-27,169161629,2024-10-27,412699477,V6131693,34,2024-03-28,VV,MRP-105,29,Sanders-Reed Pharma,2026-01-07,No,No,CT-3230-HFO
45,50,2025-07-20,FO,MAT-59372,6714993551,59,US01,PG59,1,V945186,196676890,MRP-53,MRP-70,VV,2024-02-07,2025-03-28,Board,29,2024-02-18,2025-12-07,715626200,MRP-50,MRP-126,Issue Patch,-4,Political,2025-07-20,2025-08-08,45,43,-3,2025-07-18,12,Yes,V7821643,32,2024-09-26,829844897,2026-06-08,549946873,V1605381,4,2026-03-23,VB,MRP-135,29,Dominguez LLC Pharma,2026-10-30,No,No,CT-7487-KNX
235,228,2025-07-26,NB,MAT-22108,3099717209,52,US01,PG74,4,V111536,786121467,MRP-68,MRP-59,VV,2024-09-07,2026-02-23,Cover,35,2024-09-30,2025-09-06,190543459,MRP-41,MRP-102,Win Injection,-1,Enough,2025-07-26,2025-08-10,235,234,4,2025-07-24,9,No,V6104583,13,2024-07-17,606171108,2023-11-13,264686280,V3927028,37,2024-01-25,PD,MRP-105,12,Sellers-Savage Pharma,2024-06-01,Yes,Yes,CT-6910-RDE
248,244,2025-09-25,NB,MAT-66331,6557295295,90,LAT04,PG90,5,V992138,779470980,MRP-78,MRP-99,VV,2025-12-17,2025-11-03,None,25,2024-02-16,2026-03-09,184067787,MRP-92,MRP-111,Step Solution,-2,Term,2025-09-25,2025-10-15,248,244,-1,2025-09-23,11,Yes,V2672619,33,2024-01-10,659306664,2026-08-22,570600144,V4284856,13,2023-11-23,VB,MRP-123,17,Johnson-Martinez Pharma,2026-09-01,No,Yes,CT-8872-GKR
186,180,2025-06-30,NB,MAT-45907,8326845266,16,LAT04,PG70,4,V406381,437371077,MRP-72,MRP-27,VV,2025-01-04,2026-06-25,Reveal,14,2024-05-13,2026-04-10,995575739,MRP-16,MRP-115,Speech Patch,4,According,2025-06-30,2025-07-28,186,186,-3,2025-06-28,25,Yes,V1258719,9,2025-10-18,109331719,2024-02-09,800616266,V4347402,31,2025-09-08,VV,MRP-134,1,Woods and Sons Pharma,2024-02-22,No,No,CT-3472-PNG
202,211,2025-03-16,NB,MAT-18458,1476077384,79,EU02,PG64,2,V409017,310690953,MRP-88,MRP-63,VV,2026-01-18,2023-12-10,Dark,44,2025-05-23,2025-02-04,986155225,MRP-44,MRP-102,Reason Tablet,-4,Room,2025-03-16,2025-04-15,202,197,5,2025-03-14,28,Yes,V2769902,4,2026-10-19,355836922,2024-05-15,497987793,V2116526,42,2025-01-17,VV,MRP-121,28,Martinez-Nelson Pharma,2025-09-16,No,Yes,CT-7487-KNX
148,161,2025-04-03,FO,MAT-73628,2759120054,17,US01,PG97,5,V598922,937134787,MRP-49,MRP-60,PD,2025-10-03,2025-12-23,Fact,9,2026-06-12,2026-09-30,969867647,MRP-59,MRP-138,Health Solution,1,Energy,2025-04-03,2025-04-18,148,143,2,2025-04-01,18,Yes,V8886574,39,2025-03-18,384715003,2025-04-07,715232958,V8229572,29,2024-06-20,VV,MRP-132,22,Burke-Rodriguez Pharma,2026-02-22,No,Yes,CT-3230-HFO
172,183,2025-10-14,NB,MAT-49651,5833561502,72,AP03,PG21,3,V696842,431699442,MRP-60,MRP-50,VV,2026-08-30,2025-06-11,Father,43,2024-01-12,2026-06-09,760094305,MRP-44,MRP-112,High Injection,11,Language,2025-10-14,2025-10-24,172,171,1,2025-10-12,23,No,V1555415,33,2026-07-25,506711948,2025-12-01,475588162,V1852503,34,2026-06-06,VB,MRP-122,30,"Lyons, Smith and Rodriguez Pharma",2025-06-07,Yes,No,CT-9831-IEW
123,131,2025-01-04,FO,MAT-61362,6027811657,73,US01,PG98,1,V770239,784590030,MRP-95,MRP-49,PD,2024-12-29,2026-02-19,Ground,26,2024-04-30,2024-12-08,435869065,MRP-75,MRP-134,Better Tablet,1,Along,2025-01-04,2025-01-29,123,119,0,2025-01-02,30,No,V3932557,33,2023-12-16,512217472,2026-03-31,800173414,V5365841,30,2026-01-17,VB,MRP-137,3,"Moore, Sampson and Snyder Pharma",2023-12-22,No,No,CT-3228-ZKT
208,222,2025-07-15,NB,MAT-53554,9943546765,81,LAT04,PG65,5,V536902,781957444,MRP-83,MRP-93,VV,2024-11-09,2024-12-14,Series,34,2024-12-05,2025-01-15,648874451,MRP-29,MRP-103,They Capsule,8,Compare,2025-07-15,2025-07-23,208,206,2,2025-07-13,15,Yes,V3696022,19,2025-01-02,149674602,2024-02-09,215800129,V8465145,22,2026-07-10,PD,MRP-125,16,Nelson Ltd Pharma,2025-07-21,No,No,CT-5014-EEP
98,98,2025-02-23,NB,MAT-16078,6725555676,61,LAT04,PG11,3,V964130,268471479,MRP-47,MRP-79,VV,2024-08-09,2025-03-23,Present,37,2026-08-24,2025-06-24,778168153,MRP-71,MRP-139,Stock Patch,-5,Enjoy,2025-02-23,2025-03-20,98,95,0,2025-02-21,5,Yes,V1375638,30,2024-09-12,361150642,2026-10-07,656794349,V9618766,29,2025-02-14,PD,MRP-138,18,Guerrero-Jones Pharma,2026-10-09,Yes,No,CT-9831-IEW
98,114,2025-08-03,FO,MAT-84265,6615766151,13,EU02,PG37,1,V836988,777818442,MRP-69,MRP-42,VB,2023-12-14,2024-10-02,Staff,4,2024-12-03,2026-09-23,366093829,MRP-60,MRP-137,Help Solution,-5,Read,2025-08-03,2025-08-16,98,96,-1,2025-08-01,23,No,V1881294,30,2025-09-08,244621220,2025-03-27,427535516,V4089639,20,2025-08-19,VV,MRP-104,6,Becker PLC Pharma,2026-04-17,Yes,No,CT-8970-PLO
229,234,2024-12-02,NB,MAT-91309,3503907345,64,LAT04,PG40,3,V140839,252700253,MRP-12,MRP-40,PD,2025-08-24,2025-08-10,Trade,41,2025-03-15,2026-10-04,367257674,MRP-82,MRP-118,Simply Injection,11,Market,2024-12-02,2024-12-24,229,226,5,2024-11-30,20,No,V7815439,29,2025-09-12,924375915,2025-05-27,189455926,V7292096,29,2026-05-25,VV,MRP-125,21,Campbell-Willis Pharma,2023-12-12,No,No,CT-8015-GMQ
282,280,2025-03-07,FO,MAT-98864,4896697302,14,AP03,PG85,2,V786892,120432228,MRP-60,MRP-96,PD,2026-09-22,2023-11-28,Ahead,15,2026-05-20,2023-11-28,781312700,MRP-43,MRP-119,Positive Injection,0,Next,2025-03-07,2025-03-23,282,277,1,2025-03-05,23,No,V2817401,28,2026-06-04,337094222,2026-01-08,476746059,V4109514,32,2024-11-03,VB,MRP-118,12,"Riley, Mcknight and Alvarez Pharma",2025-07-29,No,No,CT-9781-BYC
206,203,2025-07-18,FO,MAT-56157,5517018366,87,EU02,PG31,1,V684959,930370962,MRP-95,MRP-61,VV,2024-03-21,2025-12-27,Learn,35,2024-09-01,2026-06-20,213652984,MRP-67,MRP-116,Contain Solution,2,Skill,2025-07-18,2025-08-11,206,202,0,2025-07-16,26,No,V2643938,5,2024-02-18,540286662,2024-07-08,784579021,V6667473,15,2026-11-10,VV,MRP-129,4,Gilmore PLC Pharma,2026-10-11,No,No,CT-7487-KNX
37,44,2025-10-18,FO,MAT-47140,3178309039,78,US01,PG93,5,V596652,520799525,MRP-59,MRP-18,PD,2025-09-21,2024-09-08,Level,11,2025-05-09,2024-09-24,703106389,MRP-54,MRP-111,Side Capsule,11,Smile,2025-10-18,2025-10-26,37,34,0,2025-10-16,7,Yes,V7043736,42,2024-04-10,290298277,2023-12-02,789662273,V7920246,26,2025-02-05,VB,MRP-134,21,Johnson-Allen Pharma,2026-01-26,Yes,Yes,CT-8742-ECD
259,276,2025-06-16,FO,MAT-22610,2113654368,70,LAT04,PG66,3,V354768,940141710,MRP-42,MRP-20,VB,2025-07-25,2025-03-17,Including,4,2024-09-21,2025-08-02,886231947,MRP-61,MRP-108,Us Solution,12,Everything,2025-06-16,2025-07-11,259,257,3,2025-06-14,17,Yes,V1233645,13,2025-05-04,397014353,2025-04-28,296593056,V1523988,9,2026-07-05,PD,MRP-109,17,Thompson-Lewis Pharma,2024-03-04,No,Yes,CT-9771-CZL
250,261,2025-07-24,NB,MAT-84153,8894063902,90,US01,PG31,2,V291970,613175967,MRP-19,MRP-57,VV,2025-03-07,2024-01-13,Establish,22,2025-11-05,2023-12-19,236444996,MRP-15,MRP-118,Floor Patch,3,Second,2025-07-24,2025-08-12,250,246,3,2025-07-22,24,No,V2918430,3,2024-05-13,375175234,2025-06-07,866457531,V2586429,13,2026-03-15,PD,MRP-101,3,Rodriguez and Sons Pharma,2025-02-18,Yes,Yes,CT-3472-PNG
21,41,2025-08-04,NB,MAT-81584,1113907841,86,US01,PG48,1,V366606,973355741,MRP-32,MRP-33,VV,2024-04-19,2026-06-11,Common,40,2026-06-07,2026-10-31,687646739,MRP-46,MRP-136,Set Solution,5,Particular,2025-08-04,2025-08-22,21,20,-2,2025-08-02,27,No,V2543240,18,2026-05-13,384028185,2024-09-30,147744605,V8264837,28,2024-02-04,VV,MRP-126,3,Smith PLC Pharma,2024-02-01,No,No,CT-5806-JWO
291,303,2025-01-29,FO,MAT-59372,5689589505,43,US01,PG36,5,V837828,337223262,MRP-82,MRP-77,VV,2026-08-15,2024-01-14,Bed,31,2024-06-02,2026-08-20,947032973,MRP-86,MRP-126,Issue Patch,4,Cup,2025-01-29,2025-02-05,291,291,0,2025-01-27,17,Yes,V5939791,32,2026-10-30,336090523,2024-07-13,412743178,V4535017,34,2026-06-20,VB,MRP-115,3,"Page, Murphy and Brown Pharma",2026-01-03,No,No,CT-7487-KNX
119,112,2025-01-15,FO,MAT-81584,9730103963,62,US01,PG23,5,V944919,427360929,MRP-41,MRP-81,PD,2024-06-22,2025-08-05,High,8,2026-07-08,2026-04-06,895311537,MRP-42,MRP-136,Set Solution,0,Station,2025-01-15,2025-02-07,119,114,-5,2025-01-13,26,No,V6141331,37,2026-10-30,562785858,2026-09-22,105342684,V3054435,41,2023-12-15,VB,MRP-138,25,"Dudley, Rubio and Shaw Pharma",2025-10-29,Yes,No,CT-5806-JWO
27,41,2025-09-17,NB,MAT-39627,7013864160,29,LAT04,PG25,1,V645502,441939414,MRP-45,MRP-23,VB,2025-10-17,2025-12-06,Free,16,2026-05-07,2025-06-16,776695547,MRP-29,MRP-123,Fund Tablet,5,Toward,2025-09-17,2025-10-03,27,25,-2,2025-09-15,13,Yes,V9545018,20,2026-07-19,340087994,2023-11-30,448964442,V2238528,11,2024-04-12,PD,MRP-125,5,"Barber, Ramos and Meyer Pharma",2025-07-03,Yes,No,CT-5014-EEP
30,49,2025-03-26,NB,MAT-53554,9124058431,55,LAT04,PG35,4,V461816,324461470,MRP-76,MRP-38,VV,2024-02-17,2025-06-07,Authority,4,2025-08-22,2026-07-23,850594833,MRP-16,MRP-103,They Capsule,-3,Practice,2025-03-26,2025-04-14,30,25,0,2025-03-24,26,Yes,V5627323,7,2025-08-05,543857181,2025-05-14,704799941,V6305054,43,2026-10-03,PD,MRP-137,21,Brown Group Pharma,2023-11-21,No,Yes,CT-5014-EEP
38,32,2024-12-08,NB,MAT-40706,3203594788,30,US01,PG73,4,V418321,139678098,MRP-29,MRP-82,VV,2026-02-10,2026-07-08,Wide,34,2024-01-06,2026-10-16,402534703,MRP-28,MRP-103,Keep Capsule,-4,Show,2024-12-08,2024-12-16,38,36,-2,2024-12-06,22,Yes,V2620997,6,2024-11-09,842523424,2025-10-23,902388583,V7139331,25,2025-12-16,PD,MRP-121,2,Black-Huynh Pharma,2026-09-06,Yes,Yes,CT-3395-UCM
61,59,2024-12-15,NB,MAT-47986,7729898852,89,AP03,PG12,3,V424505,797388723,MRP-16,MRP-72,PD,2024-07-18,2026-08-06,Former,6,2025-02-24,2025-05-16,401220353,MRP-68,MRP-130,Experience Tablet,-3,Item,2024-12-15,2025-01-04,61,57,4,2024-12-13,25,Yes,V9830302,19,2023-11-29,427662102,2024-01-24,292007449,V7629841,6,2024-10-24,PD,MRP-132,25,"Lee, Figueroa and Petersen Pharma",2024-05-17,No,No,CT-4229-AWU
189,180,2025-01-28,NB,MAT-18097,5546509256,22,AP03,PG15,1,V928923,875515612,MRP-37,MRP-12,PD,2025-07-22,2024-07-29,Ok,31,2024-10-22,2024-12-10,982191730,MRP-15,MRP-114,Enter Capsule,2,Sister,2025-01-28,2025-02-14,189,188,-4,2025-01-26,9,Yes,V6087380,45,2025-08-30,824076656,2024-06-22,379916882,V7494917,13,2025-07-03,VV,MRP-105,23,Hill-Martin Pharma,2025-04-17,Yes,No,CT-7047-GQC
233,239,2025-03-22,FO,MAT-49508,4841636347,84,LAT04,PG78,1,V674661,672229052,MRP-70,MRP-84,VV,2026-08-25,2023-12-28,Around,28,2025-08-08,2026-03-25,209875621,MRP-78,MRP-116,Able Patch,13,Sign,2025-03-22,2025-04-03,233,230,-5,2025-03-20,12,No,V1612308,25,2024-02-20,637099673,2024-08-12,554911532,V8322459,42,2026-02-14,PD,MRP-125,27,Romero-Harper Pharma,2024-06-07,Yes,Yes,CT-6592-IDY
195,205,2025-06-28,FO,MAT-33775,2748052998,27,LAT04,PG95,5,V778895,639226555,MRP-47,MRP-64,PD,2025-09-30,2024-03-18,Form,27,2025-02-05,2026-09-17,300782245,MRP-34,MRP-113,Something Patch,0,Key,2025-06-28,2025-07-19,195,195,-2,2025-06-26,29,Yes,V7130724,43,2026-11-04,780336443,2025-02-23,721214792,V9552416,27,2026-01-10,VB,MRP-108,6,"Moran, Fernandez and Jensen Pharma",2024-02-21,Yes,No,CT-9831-IEW
154,160,2024-11-30,NB,MAT-54713,6792946596,86,AP03,PG91,5,V513362,283697988,MRP-98,MRP-28,VB,2026-05-27,2024-03-02,Somebody,38,2026-02-19,2024-05-05,320857973,MRP-58,MRP-134,Free Solution,10,Morning,2024-11-30,2024-12-16,154,149,5,2024-11-28,10,Yes,V5258805,39,2025-08-08,902178547,2024-03-06,994832334,V7616672,8,2025-09-18,PD,MRP-106,27,Garza-Henderson Pharma,2025-10-06,No,No,CT-3230-HFO
253,254,2025-07-30,FO,MAT-16078,5570263888,63,LAT04,PG36,4,V183836,869205558,MRP-65,MRP-19,PD,2025-01-04,2024-06-04,Hope,40,2026-04-11,2025-03-15,304372613,MRP-62,MRP-139,Stock Patch,9,Pull,2025-07-30,2025-08-13,253,249,-1,2025-07-28,10,No,V5693271,5,2024-06-16,597271545,2023-12-31,342716595,V1600939,20,2024-04-28,VB,MRP-127,28,Smith-Phillips Pharma,2024-02-12,No,No,CT-9831-IEW
168,171,2025-05-21,FO,MAT-54383,5023718393,57,EU02,PG71,4,V289245,817388075,MRP-61,MRP-36,VV,2026-04-29,2024-05-01,Back,39,2024-06-14,2025-01-26,706989426,MRP-54,MRP-108,Agency Injection,5,Move,2025-05-21,2025-06-01,168,163,5,2025-05-19,10,No,V5480968,45,2025-02-27,996237248,2025-11-17,457525075,V5534700,11,2025-11-06,VV,MRP-134,19,"Jenkins, Santos and Frank Pharma",2024-01-28,No,Yes,CT-3636-AVP
283,290,2025-04-24,FO,MAT-58634,7090074284,38,EU02,PG94,1,V802989,181611552,MRP-61,MRP-39,VV,2023-12-22,2024-06-07,Feeling,38,2025-02-18,2025-09-14,692653534,MRP-63,MRP-109,Impact Patch,12,School,2025-04-24,2025-05-11,283,281,-1,2025-04-22,7,No,V3581292,40,2025-11-30,563306714,2026-02-28,524956271,V7714692,14,2024-12-30,PD,MRP-125,17,Sampson-Keller Pharma,2024-05-07,No,No,CT-7047-GQC
258,260,2025-09-20,FO,MAT-22354,8791753360,73,LAT04,PG99,1,V194324,340143442,MRP-80,MRP-33,VB,2025-05-23,2026-10-06,Recent,19,2026-04-29,2024-06-03,759409528,MRP-56,MRP-135,Light Tablet,3,Job,2025-09-20,2025-09-29,258,256,-4,2025-09-18,8,Yes,V5964933,25,2024-08-22,159877841,2025-11-02,977479105,V5280227,10,2025-05-31,VB,MRP-101,22,"Sandoval, Lopez and Lloyd Pharma",2026-09-06,No,Yes,CT-4229-AWU
216,215,2025-09-29,NB,MAT-30703,7707757366,38,AP03,PG24,3,V914028,238405733,MRP-69,MRP-40,VV,2025-11-25,2024-01-22,Himself,27,2024-06-11,2023-12-29,633454765,MRP-47,MRP-124,Cold Injection,-2,Western,2025-09-29,2025-10-28,216,215,3,2025-09-27,9,Yes,V7014881,26,2025-09-24,346009934,2024-03-18,179593127,V1415186,33,2025-05-09,VB,MRP-138,11,"Johnson, Walter and Watkins Pharma",2024-10-16,No,No,CT-3228-ZKT
220,223,2025-08-26,NB,MAT-53554,4292205934,26,LAT04,PG48,2,V504081,502129908,MRP-94,MRP-66,VB,2024-10-10,2025-07-26,Control,44,2026-10-24,2025-10-11,119017951,MRP-45,MRP-103,They Capsule,15,Rest,2025-08-26,2025-09-04,220,217,4,2025-08-24,22,No,V6200561,19,2024-01-29,947227377,2026-07-20,283599545,V2676184,41,2025-01-13,PD,MRP-136,16,Johnson-Rodriguez Pharma,2023-12-23,No,Yes,CT-5014-EEP
299,303,2024-11-18,NB,MAT-79992,6321263678,68,EU02,PG97,1,V355576,996286780,MRP-76,MRP-48,VB,2025-04-01,2024-09-03,Loss,12,2025-10-18,2026-06-06,812047196,MRP-59,MRP-115,Anyone Tablet,0,Box,2024-11-18,2024-12-16,299,295,3,2024-11-16,12,Yes,V2583717,30,2024-11-07,654156595,2023-12-20,314285216,V6798635,45,2025-04-15,VV,MRP-122,18,"Lopez, Reyes and Robinson Pharma",2025-10-09,Yes,No,CT-6551-IBW
251,269,2025-05-11,NB,MAT-59372,6461923231,15,US01,PG31,3,V675202,985341528,MRP-76,MRP-65,PD,2024-07-20,2024-01-27,Standard,12,2026-07-22,2023-12-31,410044014,MRP-29,MRP-126,Issue Patch,4,Take,2025-05-11,2025-05-21,251,249,-4,2025-05-09,29,Yes,V2769811,6,2026-07-03,490936394,2026-06-20,947746677,V5449957,27,2024-07-06,VV,MRP-135,4,Jimenez-Warren Pharma,2024-09-05,No,Yes,CT-7487-KNX
78,96,2025-03-02,FO,MAT-97442,1178576864,69,EU02,PG17,1,V896418,487975846,MRP-93,MRP-22,VV,2025-01-21,2026-05-06,Cover,44,2024-01-03,2026-02-01,596229973,MRP-62,MRP-101,Common Patch,8,Ahead,2025-03-02,2025-03-17,78,75,-5,2025-02-28,30,Yes,V2989774,33,2024-11-06,597540502,2025-05-07,491948539,V4082518,4,2024-01-21,VB,MRP-120,28,Guerrero-Rodriguez Pharma,2026-04-06,Yes,Yes,CT-2004-PSX
90,107,2024-11-23,NB,MAT-40706,1827626000,62,US01,PG98,5,V891108,387743707,MRP-11,MRP-88,VB,2025-04-08,2025-12-24,Opportunity,42,2024-12-23,2025-05-07,507811278,MRP-94,MRP-103,Keep Capsule,0,Fly,2024-11-23,2024-12-16,90,87,0,2024-11-21,6,No,V4468440,12,2024-12-11,572468451,2025-01-26,691659286,V6169577,9,2024-02-17,VV,MRP-119,23,Walsh and Sons Pharma,2025-12-15,No,No,CT-3395-UCM
197,198,2025-10-23,FO,MAT-39627,3553222505,58,LAT04,PG68,1,V164701,311060734,MRP-24,MRP-79,PD,2024-10-18,2025-03-12,Deal,28,2026-07-13,2024-05-13,353941565,MRP-96,MRP-123,Fund Tablet,-3,Or,2025-10-23,2025-11-15,197,196,-3,2025-10-21,21,No,V6358721,11,2026-07-26,414769787,2024-07-25,256312023,V1422759,11,2026-03-29,VB,MRP-137,15,Rhodes Ltd Pharma,2026-05-05,Yes,Yes,CT-5014-EEP
104,124,2025-06-15,NB,MAT-32011,8657532792,40,EU02,PG90,4,V835632,869203887,MRP-63,MRP-76,VV,2026-07-15,2024-12-24,Very,32,2024-06-26,2024-04-18,753613356,MRP-79,MRP-134,Offer Tablet,4,Tend,2025-06-15,2025-07-06,104,103,5,2025-06-13,21,Yes,V9148766,20,2025-12-31,853814779,2025-04-04,985134198,V8198261,45,2026-04-05,PD,MRP-112,30,Wilkerson-Charles Pharma,2025-07-28,No,Yes,CT-2004-PSX
270,284,2025-06-21,FO,MAT-86168,4760212238,82,AP03,PG18,5,V503242,221070815,MRP-21,MRP-33,VB,2025-04-06,2026-08-18,Become,13,2025-04-09,2024-02-19,493672540,MRP-31,MRP-119,Run Solution,-1,Hand,2025-06-21,2025-07-17,270,269,5,2025-06-19,5,Yes,V2767378,31,2025-03-10,656031289,2025-02-01,859343653,V3342214,3,2023-11-25,VB,MRP-124,24,Sandoval Inc Pharma,2026-07-19,Yes,Yes,CT-6109-EDZ
269,270,2025-10-06,NB,MAT-74459,9939634231,50,US01,PG65,4,V881846,995179159,MRP-19,MRP-64,VV,2025-11-24,2025-04-13,Go,31,2024-07-11,2026-09-17,149849416,MRP-15,MRP-114,Memory Solution,13,High,2025-10-06,2025-10-16,269,264,3,2025-10-04,27,No,V5436284,13,2026-06-19,321696057,2024-06-02,403196833,V8801351,44,2026-10-17,PD,MRP-134,26,Miller-Morgan Pharma,2023-12-15,Yes,No,CT-8015-GMQ
111,124,2025-06-29,FO,MAT-60599,6791606411,87,EU02,PG93,3,V155706,430934707,MRP-96,MRP-96,VV,2025-12-30,2025-07-23,Poor,9,2024-01-19,2025-07-25,522776313,MRP-74,MRP-113,Traditional Patch,11,Sometimes,2025-06-29,2025-07-14,111,109,-1,2025-06-27,11,No,V2760069,15,2024-02-05,882031257,2025-01-19,739321079,V8759693,23,2026-03-04,PD,MRP-124,10,Rivera PLC Pharma,2025-10-26,No,Yes,CT-2004-PSX
88,94,2025-07-09,NB,MAT-98864,3289950535,31,AP03,PG19,4,V206960,330446139,MRP-75,MRP-90,PD,2025-06-07,2024-07-06,Care,18,2024-02-21,2026-07-09,225259134,MRP-13,MRP-119,Positive Injection,10,Big,2025-07-09,2025-07-31,88,83,-1,2025-07-07,18,Yes,V7874547,44,2024-03-29,133014330,2024-06-07,629075414,V5118141,33,2026-05-18,VB,MRP-119,10,"Moore, Valenzuela and Murphy Pharma",2025-05-26,No,Yes,CT-9781-BYC
135,139,2025-05-02,NB,MAT-86168,8944940630,37,AP03,PG66,2,V830308,355607602,MRP-96,MRP-94,VB,2026-08-07,2025-12-22,Dinner,14,2024-03-10,2026-06-21,979814824,MRP-62,MRP-119,Run Solution,5,Area,2025-05-02,2025-06-01,135,130,4,2025-04-30,6,No,V8621078,28,2024-02-26,853730004,2024-03-03,938743090,V7126234,3,2026-04-17,VV,MRP-131,28,Cohen Group Pharma,2024-06-13,Yes,Yes,CT-6109-EDZ
40,57,2025-03-30,NB,MAT-34899,4464362890,55,US01,PG20,2,V470745,768763297,MRP-63,MRP-55,VV,2024-10-09,2025-08-28,Gun,9,2026-06-13,2024-07-07,139297442,MRP-73,MRP-107,Continue Capsule,4,Local,2025-03-30,2025-04-28,40,37,-4,2025-03-28,13,No,V5913854,30,2024-06-11,173184209,2026-06-10,250563919,V2487532,16,2024-11-26,VB,MRP-108,26,Camacho Ltd Pharma,2024-07-09,No,Yes,CT-3395-UCM
50,59,2025-10-13,FO,MAT-98864,1388867421,60,AP03,PG54,2,V824814,643850304,MRP-95,MRP-31,PD,2025-11-14,2026-03-30,Rate,44,2025-10-06,2025-10-04,396641484,MRP-89,MRP-119,Positive Injection,8,You,2025-10-13,2025-11-11,50,45,-3,2025-10-11,17,No,V6842425,40,2025-02-10,951274433,2026-10-30,529594213,V1212133,23,2026-02-21,VV,MRP-108,17,Bryant-Nelson Pharma,2025-01-23,Yes,Yes,CT-9781-BYC
260,255,2025-03-12,NB,MAT-78401,1695318045,32,US01,PG47,2,V470454,544086590,MRP-53,MRP-18,PD,2025-04-06,2024-08-22,Heavy,40,2026-11-05,2025-09-14,984266128,MRP-24,MRP-103,Expect Tablet,13,Score,2025-03-12,2025-04-09,260,260,3,2025-03-10,24,No,V2681120,11,2025-02-26,692621053,2024-05-05,334818150,V4482975,4,2025-03-23,VB,MRP-127,18,Castillo-Watkins Pharma,2024-08-10,No,No,CT-1696-SCY
66,57,2025-04-06,NB,MAT-23246,6993816615,38,US01,PG53,1,V851345,554792971,MRP-21,MRP-58,PD,2026-06-17,2024-08-11,Face,7,2026-01-08,2026-11-04,555782055,MRP-77,MRP-119,Type Injection,-2,Myself,2025-04-06,2025-04-30,66,61,5,2025-04-04,22,No,V8208667,15,2024-10-03,445587165,2026-01-05,441114448,V6635124,37,2026-06-14,PD,MRP-106,6,Gutierrez-Grimes Pharma,2025-08-24,Yes,Yes,CT-8872-GKR
175,175,2025-08-02,FO,MAT-47140,5740786769,65,US01,PG59,3,V766475,974077870,MRP-62,MRP-31,VB,2026-10-15,2025-07-12,Face,20,2025-06-15,2025-10-10,343365908,MRP-49,MRP-111,Side Capsule,7,None,2025-08-02,2025-08-19,175,175,3,2025-07-31,13,No,V3726343,16,2024-07-19,297975158,2024-11-09,621294127,V9624473,40,2025-06-27,VB,MRP-127,7,Mckenzie-Johnson Pharma,2025-02-08,No,No,CT-8742-ECD
142,140,2025-07-04,NB,MAT-86168,1666217243,62,AP03,PG22,1,V560574,630639792,MRP-43,MRP-15,VB,2025-03-20,2026-10-30,Back,38,2025-05-13,2025-09-30,118757415,MRP-85,MRP-119,Run Solution,-5,Science,2025-07-04,2025-07-31,142,142,3,2025-07-02,13,Yes,V7587953,20,2025-08-24,950248071,2026-05-26,493541513,V9952652,25,2025-07-05,VV,MRP-133,21,Bartlett-Long Pharma,2025-09-01,Yes,Yes,CT-6109-EDZ
169,171,2025-07-17,NB,MAT-91309,3282829497,63,LAT04,PG88,3,V917944,779599587,MRP-66,MRP-99,VB,2026-05-03,2026-09-24,Himself,15,2024-03-08,2024-07-17,940766545,MRP-16,MRP-118,Simply Injection,6,Herself,2025-07-17,2025-08-03,169,165,-1,2025-07-15,18,Yes,V1093714,12,2024-09-11,822599551,2026-09-13,129199458,V8894975,44,2024-03-29,PD,MRP-108,3,Vaughn LLC Pharma,2025-03-04,No,Yes,CT-8015-GMQ
25,28,2025-01-14,FO,MAT-45907,5296316693,57,LAT04,PG41,2,V252303,981414129,MRP-86,MRP-65,VV,2024-11-21,2025-07-28,Certainly,42,2024-02-19,2024-12-30,326021415,MRP-64,MRP-115,Speech Patch,5,She,2025-01-14,2025-02-02,25,21,-4,2025-01-12,12,Yes,V2841807,14,2026-04-16,658636183,2025-03-09,689734986,V4386769,42,2025-06-22,PD,MRP-106,19,"White, Hobbs and Jones Pharma",2023-12-25,No,Yes,CT-3472-PNG
15,14,2025-03-16,FO,MAT-47986,8884962345,81,AP03,PG21,1,V133113,953123720,MRP-83,MRP-34,VB,2026-08-28,2026-05-23,Nearly,11,2024-03-08,2024-03-17,138110087,MRP-88,MRP-130,Experience Tablet,6,Never,2025-03-16,2025-04-11,15,12,-1,2025-03-14,30,Yes,V6978374,33,2025-03-17,412207026,2026-06-11,691373375,V5556124,3,2025-04-28,PD,MRP-106,4,Medina-Thomas Pharma,2025-03-05,No,No,CT-4229-AWU
281,273,2025-01-15,NB,MAT-37872,6794324131,50,AP03,PG87,3,V881797,190943185,MRP-97,MRP-87,VV,2025-04-03,2024-04-04,Dinner,13,2025-05-14,2025-12-28,682373190,MRP-15,MRP-110,Effort Capsule,-2,Wonder,2025-01-15,2025-01-23,281,277,-3,2025-01-13,6,Yes,V6309315,40,2024-03-07,511126913,2024-08-04,226408106,V7853893,3,2026-09-05,PD,MRP-136,8,"Rhodes, Bryant and Wilson Pharma",2024-04-14,Yes,Yes,CT-1816-RCG
259,263,2024-12-03,NB,MAT-58266,6417292224,71,EU02,PG37,4,V877146,928996890,MRP-20,MRP-90,PD,2023-12-26,2026-03-27,Property,44,2024-05-24,2026-03-24,797274742,MRP-69,MRP-114,Tree Injection,7,Magazine,2024-12-03,2025-01-02,259,256,5,2024-12-01,20,Yes,V4154002,28,2025-01-11,929162171,2025-12-15,752466520,V7024050,38,2024-01-12,PD,MRP-126,29,"Williams, Patton and Graves Pharma",2026-09-29,No,Yes,CT-3228-ZKT
55,52,2024-12-18,FO,MAT-46171,1035324762,28,AP03,PG42,5,V686805,815784341,MRP-95,MRP-84,VV,2026-07-11,2025-01-28,Order,32,2026-07-04,2025-02-11,447209971,MRP-68,MRP-136,Though Solution,-1,Specific,2024-12-18,2024-12-31,55,55,-2,2024-12-16,17,No,V5358568,39,2023-12-04,588507394,2024-10-31,276885444,V3178549,43,2026-10-17,VB,MRP-116,4,"Evans, Williams and Baldwin Pharma",2025-10-13,No,Yes,CT-3636-AVP
189,181,2025-10-05,NB,MAT-14115,6823539802,83,EU02,PG39,3,V478397,384745375,MRP-58,MRP-67,PD,2025-02-23,2024-06-14,Magazine,7,2023-12-21,2025-06-15,215352848,MRP-47,MRP-135,Property Tablet,-1,Bill,2025-10-05,2025-10-23,189,186,4,2025-10-03,25,Yes,V4984878,12,2024-07-19,417003923,2025-11-04,277474094,V1429899,18,2025-06-24,VV,MRP-133,14,Shannon-Robinson Pharma,2025-06-14,Yes,Yes,CT-1696-SCY
226,242,2024-11-30,FO,MAT-31615,1678086810,83,EU02,PG63,2,V368106,695661572,MRP-83,MRP-74,PD,2024-04-06,2025-04-08,I,23,2025-11-17,2025-12-14,818822065,MRP-73,MRP-122,Trouble Capsule,12,Prove,2024-11-30,2024-12-12,226,224,-3,2024-11-28,20,No,V6492149,29,2025-11-01,324232909,2024-06-16,515554502,V4322159,18,2024-03-21,VV,MRP-110,22,Barnett-Simmons Pharma,2026-05-24,No,Yes,CT-9781-BYC
52,42,2025-02-12,FO,MAT-59372,2031948038,56,US01,PG33,4,V239641,947617245,MRP-27,MRP-69,VV,2026-10-12,2024-12-19,Issue,39,2025-07-26,2026-04-19,998570666,MRP-32,MRP-126,Issue Patch,12,Station,2025-02-12,2025-03-03,52,52,-2,2025-02-10,23,Yes,V1466472,19,2026-03-04,893091456,2024-06-04,358773962,V3615983,41,2024-03-03,VV,MRP-116,2,Lucas-Mills Pharma,2026-07-28,No,No,CT-7487-KNX
154,148,2025-06-05,FO,MAT-68176,3761201676,46,EU02,PG32,2,V131440,581417914,MRP-21,MRP-17,PD,2025-11-06,2024-12-14,Find,6,2025-07-16,2024-03-13,242705714,MRP-40,MRP-137,Treat Tablet,14,Field,2025-06-05,2025-07-04,154,152,-3,2025-06-03,26,No,V2808419,33,2025-02-09,259729430,2025-04-10,967181616,V7617943,14,2025-04-05,VB,MRP-104,15,"Coleman, Gonzales and Kelly Pharma",2024-03-17,No,No,CT-3230-HFO
64,60,2025-07-26,NB,MAT-58634,1401932710,12,EU02,PG12,4,V585339,564613158,MRP-51,MRP-89,VB,2026-06-17,2025-06-18,West,15,2025-01-23,2024-08-01,798827139,MRP-97,MRP-109,Impact Patch,-1,Within,2025-07-26,2025-08-10,64,64,5,2025-07-24,28,Yes,V5811092,38,2025-09-16,448576379,2025-09-19,956004132,V9939781,25,2025-08-21,PD,MRP-130,1,Clarke-Jones Pharma,2026-07-07,No,Yes,CT-7047-GQC
154,160,2025-01-20,FO,MAT-22152,5082362660,11,US01,PG23,2,V916602,596705940,MRP-95,MRP-26,VB,2025-01-11,2025-07-26,Trade,5,2026-03-12,2026-03-22,772047286,MRP-25,MRP-129,Culture Solution,7,Culture,2025-01-20,2025-01-31,154,153,5,2025-01-18,8,Yes,V5831736,45,2024-12-20,846790002,2025-11-22,197435500,V8112534,35,2026-05-03,PD,MRP-124,23,"Saunders, Woods and Wiley Pharma",2025-04-25,Yes,No,CT-3472-PNG
220,210,2025-05-07,FO,MAT-49651,4217635518,39,AP03,PG88,4,V792475,676577182,MRP-78,MRP-50,VV,2025-03-05,2026-10-12,Partner,41,2025-12-18,2025-02-09,135754893,MRP-83,MRP-112,High Injection,12,History,2025-05-07,2025-05-25,220,220,-3,2025-05-05,25,No,V1396947,9,2026-03-06,981158246,2024-04-14,223360384,V8910683,29,2026-06-17,PD,MRP-138,10,Blake-Goodman Pharma,2024-07-31,Yes,No,CT-9831-IEW
250,267,2025-04-19,FO,MAT-82814,9504356854,48,LAT04,PG42,1,V118605,396764813,MRP-94,MRP-21,PD,2026-05-15,2025-03-31,Beat,6,2024-11-06,2026-09-08,618558612,MRP-39,MRP-110,Reduce Solution,0,Someone,2025-04-19,2025-05-01,250,245,-2,2025-04-17,16,Yes,V5499508,12,2023-11-15,748715855,2025-09-09,168015750,V8177810,15,2025-02-18,VB,MRP-134,19,Peterson and Sons Pharma,2024-03-11,No,Yes,CT-3395-UCM
247,239,2025-06-11,FO,MAT-55297,4598595372,38,EU02,PG92,4,V701267,359302365,MRP-98,MRP-17,VB,2026-09-05,2024-01-10,Join,12,2025-03-28,2024-08-16,969571408,MRP-39,MRP-134,New Solution,13,Skin,2025-06-11,2025-07-06,247,242,-1,2025-06-09,14,No,V1511686,28,2025-05-10,304434896,2024-09-25,275700885,V9131996,17,2024-03-26,VV,MRP-136,28,"Allison, Powell and Solomon Pharma",2026-01-10,Yes,Yes,CT-1816-RCG
23,31,2025-07-23,FO,MAT-37872,1110019277,38,AP03,PG38,4,V328205,701509585,MRP-33,MRP-14,VB,2023-11-17,2026-04-16,Help,22,2024-11-07,2024-11-22,180480521,MRP-10,MRP-110,Effort Capsule,-1,First,2025-07-23,2025-08-11,23,22,2,2025-07-21,13,No,V3607187,44,2026-06-24,279830148,2025-01-10,592174594,V2160775,8,2026-08-19,PD,MRP-116,6,"Wright, Davis and Long Pharma",2024-10-13,Yes,Yes,CT-1816-RCG
206,200,2024-11-28,FO,MAT-66257,3952948680,15,LAT04,PG17,2,V640246,366674085,MRP-81,MRP-83,VB,2025-06-29,2025-01-27,Media,38,2023-11-25,2026-01-06,636535521,MRP-13,MRP-133,Hundred Solution,15,Sea,2024-11-28,2024-12-24,206,205,-4,2024-11-26,27,Yes,V2737492,31,2024-01-20,205229383,2025-01-03,621848179,V3844034,29,2023-12-06,VB,MRP-139,7,"Ashley, Diaz and Hull Pharma",2025-01-13,Yes,No,CT-7484-BIH
241,233,2025-06-13,FO,MAT-78401,1525517641,44,US01,PG22,1,V928263,637269741,MRP-28,MRP-33,VB,2024-08-23,2024-08-18,Ability,41,2026-04-09,2024-12-22,708575787,MRP-33,MRP-103,Expect Tablet,12,Hold,2025-06-13,2025-07-12,241,238,4,2025-06-11,5,No,V9500184,6,2026-07-03,361083332,2025-03-21,876965650,V4670513,35,2025-09-07,VV,MRP-117,13,Shaw Ltd Pharma,2026-09-13,No,Yes,CT-1696-SCY
270,269,2025-06-05,FO,MAT-66257,7140559962,86,LAT04,PG99,1,V830379,690909155,MRP-53,MRP-77,PD,2026-03-07,2024-02-29,Kitchen,10,2025-01-08,2025-02-18,518225405,MRP-93,MRP-133,Hundred Solution,1,Same,2025-06-05,2025-06-14,270,268,-3,2025-06-03,17,Yes,V5579777,33,2026-08-22,279366409,2024-08-19,916731228,V4764898,29,2025-08-02,VB,MRP-121,12,Pena Group Pharma,2026-05-26,No,Yes,CT-7484-BIH
173,166,2025-04-08,NB,MAT-22610,7228065756,80,LAT04,PG63,2,V215164,722814803,MRP-98,MRP-11,PD,2024-01-29,2025-09-25,Traditional,34,2024-09-02,2026-02-25,371452273,MRP-40,MRP-108,Us Solution,2,Born,2025-04-08,2025-04-20,173,172,0,2025-04-06,19,No,V2162073,20,2025-10-15,998834575,2023-12-27,580059412,V8101334,32,2023-12-08,VV,MRP-132,26,Robinson-Patel Pharma,2026-04-18,Yes,Yes,CT-9771-CZL
161,162,2025-02-08,NB,MAT-74459,2686190525,40,US01,PG86,3,V986217,544404043,MRP-22,MRP-45,VV,2024-11-21,2026-10-19,Our,20,2026-07-31,2024-04-16,549398035,MRP-71,MRP-114,Memory Solution,11,Debate,2025-02-08,2025-02-18,161,158,-1,2025-02-06,18,No,V7365599,13,2025-08-11,777124029,2025-05-16,845438105,V2694111,6,2024-07-26,VB,MRP-101,24,"James, Navarro and Hill Pharma",2025-04-07,Yes,No,CT-8015-GMQ
51,59,2025-02-03,FO,MAT-53554,3939497253,88,LAT04,PG94,3,V556075,657031755,MRP-29,MRP-17,VV,2024-12-30,2024-10-05,Paper,13,2025-01-08,2024-05-18,769302725,MRP-86,MRP-103,They Capsule,12,Whose,2025-02-03,2025-03-03,51,47,3,2025-02-01,30,No,V9639364,43,2024-10-26,220444497,2024-11-29,604186574,V4071711,34,2025-06-24,VB,MRP-122,1,Cook-Miller Pharma,2026-08-07,Yes,No,CT-5014-EEP
77,93,2025-08-06,FO,MAT-14115,3029943018,38,EU02,PG38,2,V843380,530986472,MRP-50,MRP-65,VV,2025-03-22,2025-01-26,Factor,34,2024-02-02,2024-10-24,484080352,MRP-38,MRP-135,Property Tablet,3,Work,2025-08-06,2025-08-24,77,72,2,2025-08-04,6,Yes,V1786641,26,2026-08-24,506424315,2024-04-11,364762836,V3643545,35,2024-09-22,VV,MRP-125,8,Miles-Nichols Pharma,2025-01-11,Yes,No,CT-1696-SCY
15,31,2025-09-29,NB,MAT-68176,9568811361,37,EU02,PG83,4,V302680,806890334,MRP-89,MRP-53,VB,2025-11-01,2024-09-13,Media,6,2024-06-12,2024-04-19,412066998,MRP-44,MRP-137,Treat Tablet,6,Agent,2025-09-29,2025-10-22,15,13,3,2025-09-27,22,No,V6646738,15,2026-03-13,695547263,2025-04-14,244431312,V3898899,18,2024-07-11,VV,MRP-129,24,Vaughan PLC Pharma,2025-12-25,Yes,No,CT-3230-HFO
275,287,2025-05-14,NB,MAT-32011,2710288654,89,EU02,PG35,2,V653026,724597473,MRP-68,MRP-85,PD,2025-02-14,2024-06-23,Leave,28,2026-10-05,2024-10-19,892367719,MRP-32,MRP-134,Offer Tablet,6,Culture,2025-05-14,2025-05-28,275,270,4,2025-05-12,5,Yes,V7850635,32,2024-02-18,493046451,2024-12-03,555924146,V5374485,44,2024-05-22,VB,MRP-111,12,Thompson-Pham Pharma,2026-10-13,Yes,Yes,CT-2004-PSX
229,219,2025-05-12,NB,MAT-53554,6216809157,36,LAT04,PG14,4,V366855,460597508,MRP-57,MRP-88,VV,2025-02-01,2025-08-07,Already,44,2025-09-08,2023-12-20,108479277,MRP-93,MRP-103,They Capsule,4,Economic,2025-05-12,2025-06-09,229,228,-5,2025-05-10,29,Yes,V8226017,19,2024-10-27,688330805,2026-08-14,671265199,V4834466,11,2026-04-16,PD,MRP-132,19,Black and Sons Pharma,2025-08-22,Yes,Yes,CT-5014-EEP
55,70,2025-03-22,NB,MAT-82398,2690093617,53,EU02,PG38,1,V603124,421658471,MRP-13,MRP-13,VB,2023-12-10,2025-03-18,Couple,31,2025-08-14,2026-03-09,506573325,MRP-83,MRP-137,Range Solution,4,Create,2025-03-22,2025-04-11,55,51,3,2025-03-20,14,Yes,V7320529,15,2026-02-18,515967175,2025-08-14,434276487,V8256274,36,2026-07-02,PD,MRP-122,16,"Cortez, Moore and Reilly Pharma",2026-01-24,No,No,CT-8970-PLO
299,294,2025-06-20,FO,MAT-30745,2019043856,41,US01,PG58,2,V406009,989525080,MRP-49,MRP-74,VV,2026-02-22,2026-01-16,Usually,27,2025-03-01,2024-08-16,828074552,MRP-79,MRP-133,Indicate Patch,15,Exactly,2025-06-20,2025-07-17,299,299,0,2025-06-18,7,No,V5908359,41,2025-03-29,405773207,2026-09-27,588952802,V3105881,36,2023-11-27,PD,MRP-139,17,Davis-Howell Pharma,2026-02-15,Yes,No,CT-4229-AWU
170,180,2025-02-23,NB,MAT-39627,6440166388,80,LAT04,PG54,3,V504720,821095842,MRP-19,MRP-86,VB,2024-05-16,2025-03-19,Really,27,2025-06-29,2026-10-02,920163527,MRP-60,MRP-123,Fund Tablet,4,Significant,2025-02-23,2025-03-10,170,165,3,2025-02-21,18,No,V5121073,30,2023-12-24,153060526,2026-06-18,342272192,V1701019,45,2023-12-31,VV,MRP-109,8,Ortiz Ltd Pharma,2024-03-21,Yes,Yes,CT-5014-EEP
73,65,2025-02-01,NB,MAT-18458,9131949793,63,EU02,PG24,4,V679624,205126343,MRP-66,MRP-70,VV,2024-07-02,2025-12-27,Cup,7,2024-03-14,2025-09-27,206523285,MRP-35,MRP-102,Reason Tablet,-3,Analysis,2025-02-01,2025-02-13,73,72,0,2025-01-30,12,No,V4522950,4,2025-03-05,192574971,2024-11-16,319440331,V8221859,42,2025-02-15,VV,MRP-118,8,"Short, Ortiz and Molina Pharma",2024-02-13,Yes,No,CT-7487-KNX
237,229,2025-03-29,NB,MAT-18409,5958813715,86,AP03,PG12,1,V563222,127134284,MRP-71,MRP-29,VB,2025-08-30,2025-08-21,My,10,2026-06-16,2025-03-25,844323021,MRP-53,MRP-137,Commercial Tablet,1,Recent,2025-03-29,2025-04-14,237,237,4,2025-03-27,16,No,V3324576,28,2023-11-21,336469426,2025-10-18,920965439,V4908819,9,2025-12-29,VB,MRP-131,23,"Bender, Richardson and Reed Pharma",2026-01-25,No,Yes,CT-3228-ZKT
247,264,2025-01-24,NB,MAT-47254,6559912864,82,EU02,PG11,3,V278143,690813225,MRP-19,MRP-22,VV,2026-04-13,2026-11-03,Always,20,2025-04-27,2025-03-17,876167799,MRP-41,MRP-136,Article Tablet,-4,Pick,2025-01-24,2025-02-07,247,245,-5,2025-01-22,10,Yes,V1988574,18,2024-05-30,309923866,2026-04-10,103603888,V7778055,37,2025-08-02,VV,MRP-111,10,Noble Inc Pharma,2026-10-03,No,No,CT-8742-ECD
293,297,2025-01-09,NB,MAT-93544,2916922620,42,LAT04,PG91,1,V421150,735149826,MRP-15,MRP-39,VB,2026-01-27,2025-10-10,Whose,20,2024-07-24,2026-04-22,793006315,MRP-31,MRP-123,Player Solution,11,Any,2025-01-09,2025-01-19,293,293,-4,2025-01-07,21,Yes,V5142039,12,2026-05-06,731427189,2024-06-10,252597131,V2100694,28,2025-10-07,VV,MRP-127,13,Donovan Inc Pharma,2026-08-31,No,No,CT-9771-CZL
51,50,2025-07-21,FO,MAT-40089,4982658858,66,EU02,PG34,2,V120867,935093094,MRP-32,MRP-76,VB,2026-04-25,2024-12-18,Talk,8,2025-08-08,2025-09-26,829380325,MRP-22,MRP-126,Pull Patch,-4,Southern,2025-07-21,2025-08-20,51,46,-1,2025-07-19,16,No,V4412017,23,2025-09-26,910655860,2026-10-23,448395638,V8089159,29,2024-07-07,PD,MRP-139,17,Nunez LLC Pharma,2025-04-22,Yes,Yes,CT-4229-AWU
198,192,2025-10-12,FO,MAT-15875,7732692695,16,EU02,PG36,1,V641544,899330082,MRP-14,MRP-48,VV,2026-02-11,2024-11-26,Star,3,2024-03-19,2024-07-11,602200125,MRP-74,MRP-138,Happy Solution,10,Much,2025-10-12,2025-10-30,198,193,1,2025-10-10,22,Yes,V9026687,39,2025-08-16,689638205,2025-10-04,534636723,V2800959,37,2026-07-29,VV,MRP-107,1,Vaughn Group Pharma,2026-03-14,No,No,CT-8742-ECD
150,148,2025-07-31,NB,MAT-55297,5167166606,84,EU02,PG61,4,V860530,590594734,MRP-95,MRP-45,VV,2025-06-13,2024-09-28,Mrs,34,2026-10-17,2026-03-11,866171201,MRP-43,MRP-134,New Solution,9,Generation,2025-07-31,2025-08-19,150,150,-2,2025-07-29,28,No,V1080832,16,2025-06-08,956584939,2024-08-31,990990582,V3505679,11,2025-09-30,PD,MRP-122,17,Lopez-Smith Pharma,2024-08-12,Yes,No,CT-1816-RCG
101,118,2025-06-11,NB,MAT-37872,8570569263,15,AP03,PG77,2,V200487,385756163,MRP-42,MRP-37,VV,2025-02-07,2026-01-13,Trial,33,2026-08-18,2026-11-11,477466721,MRP-87,MRP-110,Effort Capsule,4,People,2025-06-11,2025-07-08,101,99,2,2025-06-09,15,No,V1067945,26,2024-09-08,398385255,2025-04-10,207688657,V5564874,11,2026-09-08,VV,MRP-135,27,Peterson-Bautista Pharma,2025-12-08,Yes,Yes,CT-1816-RCG
28,28,2024-12-20,FO,MAT-16848,5730995246,31,LAT04,PG11,4,V602024,238071025,MRP-25,MRP-21,PD,2025-03-02,2025-10-20,Environmental,35,2025-05-14,2024-05-18,483779385,MRP-89,MRP-106,Blue Patch,6,Modern,2024-12-20,2025-01-08,28,26,4,2024-12-18,12,No,V6218670,42,2024-12-30,332430810,2025-05-01,154724987,V3225325,29,2025-05-04,VB,MRP-135,5,Ramsey and Sons Pharma,2025-01-25,No,No,CT-8742-ECD
213,230,2025-01-04,NB,MAT-37872,6617087832,39,AP03,PG92,2,V694414,969204544,MRP-69,MRP-56,VB,2025-05-17,2025-02-10,Option,13,2026-02-28,2024-04-26,340289995,MRP-46,MRP-110,Effort Capsule,10,Actually,2025-01-04,2025-01-14,213,208,-1,2025-01-02,19,Yes,V5264173,33,2025-01-19,830892950,2024-05-17,230849646,V4642141,38,2025-01-23,VB,MRP-128,21,Davis Group Pharma,2024-03-30,No,No,CT-1816-RCG
254,263,2024-12-05,FO,MAT-37872,2635172633,59,AP03,PG86,5,V340526,663574596,MRP-34,MRP-49,PD,2023-12-26,2024-01-12,Company,9,2024-11-02,2026-05-28,532502820,MRP-73,MRP-110,Effort Capsule,-5,International,2024-12-05,2024-12-15,254,254,-2,2024-12-03,8,No,V3541471,24,2024-01-14,280634023,2026-08-04,191060276,V7081663,33,2026-01-23,VV,MRP-134,19,"Rojas, Rogers and Chase Pharma",2025-03-26,No,No,CT-1816-RCG
234,237,2025-10-20,NB,MAT-42350,1355952558,50,AP03,PG80,4,V411206,802116726,MRP-17,MRP-70,PD,2024-08-17,2026-06-03,Be,41,2025-07-11,2024-02-10,283123582,MRP-79,MRP-130,Figure Capsule,6,Business,2025-10-20,2025-11-09,234,234,3,2025-10-18,30,No,V6101148,25,2026-03-10,790076120,2025-01-09,152683263,V2506074,33,2026-05-10,VV,MRP-113,26,Jones-Sanchez Pharma,2025-01-30,Yes,No,CT-5806-JWO
200,214,2025-01-20,FO,MAT-17085,1148263612,84,LAT04,PG15,2,V286179,640530033,MRP-11,MRP-22,VV,2024-08-22,2024-11-30,Old,45,2025-01-27,2025-03-30,935849310,MRP-75,MRP-106,Myself Capsule,11,Modern,2025-01-20,2025-01-29,200,198,-1,2025-01-18,5,No,V8575293,40,2026-08-25,526322354,2025-10-26,410904788,V4437012,15,2024-10-19,VV,MRP-126,8,Palmer-Hubbard Pharma,2025-08-08,Yes,No,CT-6592-IDY
11,8,2025-10-05,NB,MAT-82814,8389683875,48,LAT04,PG39,5,V292934,895512171,MRP-64,MRP-80,VB,2025-06-17,2024-07-17,Increase,13,2026-08-10,2025-01-10,632202051,MRP-85,MRP-110,Reduce Solution,0,Couple,2025-10-05,2025-10-15,11,7,5,2025-10-03,29,Yes,V4080695,19,2024-12-29,132329195,2025-06-25,538735391,V3746674,7,2025-04-18,VV,MRP-117,24,Lopez-Wade Pharma,2025-03-11,Yes,No,CT-3395-UCM
169,161,2025-10-14,NB,MAT-98864,8695574106,56,AP03,PG63,3,V263716,610846219,MRP-99,MRP-10,PD,2026-11-09,2026-03-15,Seven,18,2026-08-21,2024-11-15,754333255,MRP-85,MRP-119,Positive Injection,4,More,2025-10-14,2025-10-25,169,164,1,2025-10-12,26,No,V4295373,4,2025-03-29,513575806,2024-02-12,312372550,V9736083,8,2025-01-22,VV,MRP-118,11,Odonnell-Edwards Pharma,2024-07-31,Yes,No,CT-9781-BYC
113,133,2025-06-10,NB,MAT-86168,7220442304,80,AP03,PG79,5,V138386,624218484,MRP-12,MRP-71,PD,2024-11-24,2026-01-09,Responsibility,26,2024-12-27,2024-10-01,170823641,MRP-81,MRP-119,Run Solution,-4,Back,2025-06-10,2025-06-27,113,110,-2,2025-06-08,12,Yes,V6021490,6,2025-11-04,553479496,2024-08-09,426978497,V9833979,45,2024-02-21,VB,MRP-132,17,Smith-Hughes Pharma,2026-05-17,Yes,No,CT-6109-EDZ
88,88,2025-07-24,FO,MAT-55297,9660000331,22,EU02,PG77,3,V269721,607432102,MRP-87,MRP-57,PD,2024-06-12,2025-02-20,Cost,30,2026-01-01,2025-07-27,288689096,MRP-85,MRP-134,New Solution,3,Human,2025-07-24,2025-08-07,88,86,4,2025-07-22,25,No,V6236441,37,2024-01-23,528723402,2026-10-04,848263979,V1851302,36,2026-05-21,VB,MRP-127,11,"Barry, Rodriguez and Gonzalez Pharma",2025-10-26,Yes,No,CT-1816-RCG
13,13,2025-01-27,FO,MAT-16627,2901847292,85,US01,PG35,5,V936905,185626744,MRP-94,MRP-21,PD,2025-06-07,2025-09-23,Have,38,2025-03-27,2024-07-03,262747085,MRP-44,MRP-125,Receive Patch,10,Artist,2025-01-27,2025-02-05,13,13,4,2025-01-25,5,Yes,V6810433,38,2024-01-24,686610861,2025-04-22,784917826,V7699416,10,2026-03-12,VB,MRP-110,21,"Dunn, Smith and Guzman Pharma",2025-05-08,No,Yes,CT-9831-IEW
162,157,2025-05-18,FO,MAT-49651,3702336324,15,AP03,PG16,2,V534019,841158437,MRP-26,MRP-30,VV,2024-01-23,2024-12-12,Feeling,45,2025-07-28,2024-02-21,323791246,MRP-83,MRP-112,High Injection,-3,Leave,2025-05-18,2025-06-17,162,161,-1,2025-05-16,30,No,V3821030,24,2025-07-05,443382026,2024-01-31,694430648,V8825428,5,2024-01-06,PD,MRP-117,2,Oneill-Doyle Pharma,2025-11-10,Yes,No,CT-9831-IEW
40,52,2024-12-16,FO,MAT-54713,1792039584,82,AP03,PG68,3,V135876,743118062,MRP-72,MRP-95,PD,2024-06-26,2026-07-09,Decade,37,2024-03-14,2025-08-20,830320960,MRP-11,MRP-134,Free Solution,6,Bed,2024-12-16,2025-01-01,40,39,3,2024-12-14,19,Yes,V2737110,42,2026-10-16,535607616,2024-08-09,995533895,V6831022,43,2024-02-23,PD,MRP-134,23,Simon-Leblanc Pharma,2025-11-02,No,Yes,CT-3230-HFO
234,231,2025-07-31,FO,MAT-23246,5729819375,11,US01,PG99,5,V804937,571062400,MRP-19,MRP-77,PD,2025-07-16,2025-06-21,Customer,45,2024-07-14,2026-06-17,446801194,MRP-43,MRP-119,Type Injection,7,Prevent,2025-07-31,2025-08-25,234,231,2,2025-07-29,23,Yes,V8187306,7,2025-11-09,612847039,2024-09-29,608117211,V3958028,30,2025-08-27,VV,MRP-122,29,Mack-Cabrera Pharma,2024-04-19,No,No,CT-8872-GKR
172,179,2025-02-11,FO,MAT-16078,6703593055,44,LAT04,PG23,2,V652687,179249057,MRP-18,MRP-69,PD,2026-02-10,2025-06-07,Determine,24,2024-01-09,2024-05-11,213754085,MRP-41,MRP-139,Stock Patch,12,Live,2025-02-11,2025-02-26,172,168,5,2025-02-09,17,No,V9404299,10,2025-07-09,342506670,2024-04-02,473155903,V8922509,28,2024-10-21,VV,MRP-139,15,Alexander-Murphy Pharma,2025-07-14,Yes,Yes,CT-9831-IEW
70,64,2025-06-10,NB,MAT-16848,8306173462,21,LAT04,PG58,3,V854357,424634634,MRP-77,MRP-42,PD,2026-10-30,2024-01-29,Few,30,2023-11-22,2026-09-25,743226802,MRP-35,MRP-106,Blue Patch,6,Wide,2025-06-10,2025-07-02,70,69,5,2025-06-08,13,Yes,V7899738,40,2026-06-29,167600039,2024-03-11,549719030,V3128468,11,2023-11-16,VV,MRP-102,6,Hogan-Wood Pharma,2025-05-27,No,No,CT-8742-ECD
124,120,2025-09-26,NB,MAT-47986,5892460198,56,AP03,PG15,1,V317097,495605646,MRP-76,MRP-74,VV,2025-08-02,2025-07-09,Western,18,2025-12-06,2025-02-26,543735867,MRP-65,MRP-130,Experience Tablet,-1,Agency,2025-09-26,2025-10-21,124,122,4,2025-09-24,29,Yes,V5987117,44,2026-03-15,129401048,2024-07-25,409113583,V9336040,29,2025-06-02,VB,MRP-136,21,Hill-Kelly Pharma,2026-10-18,No,Yes,CT-4229-AWU
102,121,2025-04-08,FO,MAT-81584,3383328520,52,US01,PG26,2,V127495,577275736,MRP-48,MRP-22,VV,2024-09-02,2024-06-25,Now,15,2025-03-31,2026-10-05,474516628,MRP-48,MRP-136,Set Solution,5,Certain,2025-04-08,2025-05-02,102,99,5,2025-04-06,6,Yes,V7022761,28,2024-11-30,303401987,2024-03-25,676465961,V2484435,15,2024-03-25,VV,MRP-111,27,"Farley, Smith and Johnson Pharma",2026-10-27,Yes,Yes,CT-5806-JWO
208,216,2025-04-25,FO,MAT-47254,9556012667,67,EU02,PG31,4,V981699,785443581,MRP-70,MRP-35,VV,2025-09-16,2026-01-03,Phone,14,2023-12-31,2026-11-07,166041097,MRP-28,MRP-136,Article Tablet,5,Type,2025-04-25,2025-05-04,208,206,-1,2025-04-23,13,No,V9686371,23,2024-10-25,628872252,2026-03-01,891475339,V6449411,20,2025-06-23,PD,MRP-130,21,"Hester, Mayer and Johnston Pharma",2024-06-22,No,No,CT-8742-ECD
197,200,2025-03-29,FO,MAT-97442,2813673707,65,EU02,PG59,1,V801229,536854249,MRP-27,MRP-74,VV,2024-06-22,2024-07-08,Thus,43,2026-05-24,2026-01-28,230918227,MRP-92,MRP-101,Common Patch,13,Investment,2025-03-29,2025-04-26,197,197,-3,2025-03-27,24,No,V9341950,4,2025-04-06,930209918,2025-01-26,586579463,V6774163,38,2025-09-05,VV,MRP-103,13,Griffin LLC Pharma,2024-04-23,Yes,Yes,CT-2004-PSX
247,246,2025-10-07,FO,MAT-84153,4629325913,67,US01,PG87,3,V666880,928922493,MRP-48,MRP-93,VV,2023-11-19,2024-07-21,Lawyer,34,2025-10-10,2024-05-27,269550733,MRP-61,MRP-118,Floor Patch,3,Impact,2025-10-07,2025-10-14,247,246,2,2025-10-05,20,Yes,V8354103,41,2025-10-13,620734616,2024-04-01,952967883,V5523998,11,2024-10-30,PD,MRP-115,26,"Johnson, Collins and Moran Pharma",2025-01-03,Yes,Yes,CT-3472-PNG
104,118,2025-07-29,NB,MAT-86920,3199646859,84,US01,PG18,2,V833320,488517735,MRP-49,MRP-67,VV,2024-08-27,2025-08-06,Economic,16,2025-08-06,2026-08-31,662067740,MRP-93,MRP-105,Various Solution,1,Break,2025-07-29,2025-08-12,104,99,1,2025-07-27,26,No,V5249031,11,2024-04-14,459255181,2026-08-07,995718794,V5041369,10,2026-02-07,PD,MRP-127,12,Shaw-Lopez Pharma,2025-01-29,No,Yes,CT-8970-PLO
34,45,2025-10-21,NB,MAT-33775,7571123534,40,LAT04,PG34,1,V164258,439562757,MRP-63,MRP-43,VB,2024-02-02,2025-12-27,Down,25,2024-05-28,2025-11-08,678774435,MRP-23,MRP-113,Something Patch,8,Responsibility,2025-10-21,2025-11-08,34,30,0,2025-10-19,19,Yes,V5367155,43,2023-11-14,199566671,2024-10-09,650358833,V9799983,18,2025-08-24,VV,MRP-115,17,Webb Ltd Pharma,2025-07-18,Yes,Yes,CT-9831-IEW
141,158,2025-09-08,FO,MAT-18409,5828766349,19,AP03,PG74,4,V193028,954701674,MRP-93,MRP-25,VV,2024-02-09,2026-03-18,Later,4,2025-04-23,2025-12-21,452821932,MRP-49,MRP-137,Commercial Tablet,4,Discussion,2025-09-08,2025-09-25,141,141,-5,2025-09-06,11,Yes,V8340495,34,2026-03-18,679397974,2025-01-18,480571790,V5809229,21,2024-02-10,VV,MRP-125,28,"Garza, Henderson and Lewis Pharma",2025-01-06,Yes,Yes,CT-3228-ZKT
49,58,2025-03-15,NB,MAT-91309,1596466213,15,LAT04,PG12,3,V461538,131058749,MRP-16,MRP-86,VV,2025-02-18,2024-07-02,Loss,4,2025-01-14,2026-06-21,327626647,MRP-83,MRP-118,Simply Injection,12,Training,2025-03-15,2025-04-09,49,45,2,2025-03-13,6,Yes,V8704104,8,2024-10-16,402405836,2025-05-25,357321927,V3662959,4,2023-12-01,VV,MRP-102,11,Jackson Group Pharma,2025-09-05,Yes,No,CT-8015-GMQ
277,292,2025-01-01,NB,MAT-73628,4686479150,43,US01,PG21,4,V842432,858476810,MRP-66,MRP-60,PD,2025-09-19,2025-03-05,Human,40,2025-02-13,2025-05-07,607586924,MRP-71,MRP-138,Health Solution,3,Former,2025-01-01,2025-01-14,277,273,-3,2024-12-30,15,No,V5411924,38,2025-06-17,487105082,2025-01-15,878265339,V5059253,32,2023-11-15,VV,MRP-139,24,Brown and Sons Pharma,2025-04-06,No,No,CT-3230-HFO
130,144,2025-01-04,FO,MAT-82814,6885590722,52,LAT04,PG57,3,V430964,758281677,MRP-76,MRP-98,VB,2026-09-28,2026-08-11,Again,40,2025-07-18,2025-03-04,170072351,MRP-37,MRP-110,Reduce Solution,10,Anyone,2025-01-04,2025-02-01,130,128,4,2025-01-02,10,No,V7565108,23,2026-01-06,630151253,2026-07-29,299750552,V2819385,13,2024-05-16,VV,MRP-138,29,"Austin, Sampson and Ray Pharma",2025-06-16,Yes,Yes,CT-3395-UCM
275,270,2025-01-25,FO,MAT-53554,7385139004,59,LAT04,PG23,4,V881045,794516237,MRP-58,MRP-12,VB,2025-08-22,2025-01-20,Question,14,2026-10-23,2025-06-03,954208475,MRP-30,MRP-103,They Capsule,-1,Impact,2025-01-25,2025-02-21,275,270,5,2025-01-23,21,Yes,V1124469,35,2025-02-03,738437032,2025-09-29,133053851,V9289801,42,2024-10-06,PD,MRP-135,26,Torres and Sons Pharma,2024-05-06,No,Yes,CT-5014-EEP
64,83,2025-06-17,NB,MAT-81584,7305452654,64,US01,PG45,1,V597143,518547399,MRP-49,MRP-36,VV,2024-06-26,2026-05-13,Bill,14,2024-09-02,2024-02-01,510784616,MRP-53,MRP-136,Set Solution,-3,Give,2025-06-17,2025-07-14,64,64,4,2025-06-15,28,Yes,V5127060,9,2023-12-24,279161926,2025-02-05,126215396,V4246620,9,2025-03-25,VV,MRP-133,21,Holland-Cabrera Pharma,2025-12-28,Yes,No,CT-5806-JWO
201,211,2025-08-22,NB,MAT-78401,8563005187,50,US01,PG55,4,V249491,962918861,MRP-84,MRP-38,PD,2026-05-07,2026-09-14,Though,3,2025-05-17,2026-05-04,263248919,MRP-23,MRP-103,Expect Tablet,12,Necessary,2025-08-22,2025-09-13,201,196,5,2025-08-20,17,No,V3460263,33,2024-01-16,557502000,2025-01-14,645386980,V6147317,7,2024-06-22,PD,MRP-120,28,Johnson LLC Pharma,2026-10-20,No,No,CT-1696-SCY
177,177,2024-12-19,NB,MAT-18458,7775156426,66,EU02,PG96,2,V248140,941260256,MRP-72,MRP-82,VB,2023-11-30,2025-03-09,List,41,2026-01-20,2025-10-31,768433925,MRP-41,MRP-102,Reason Tablet,3,Bill,2024-12-19,2024-12-26,177,173,-2,2024-12-17,28,No,V2053767,43,2026-05-05,116532633,2025-07-08,756564438,V9968932,38,2024-10-16,VV,MRP-135,18,Wilson-Mahoney Pharma,2026-01-10,No,Yes,CT-7487-KNX
192,204,2025-05-21,NB,MAT-78401,1858775222,65,US01,PG74,3,V226806,593323234,MRP-54,MRP-65,VB,2025-07-04,2025-06-05,Industry,17,2024-09-20,2024-06-03,440791561,MRP-98,MRP-103,Expect Tablet,-5,Allow,2025-05-21,2025-06-18,192,191,5,2025-05-19,14,Yes,V8121594,29,2024-11-12,691582396,2026-08-18,324409189,V4486326,13,2026-07-09,VB,MRP-124,2,Valdez-Coleman Pharma,2024-05-11,Yes,No,CT-1696-SCY
108,113,2025-01-19,NB,MAT-82398,9034878142,49,EU02,PG70,4,V951694,899117787,MRP-54,MRP-78,PD,2025-07-18,2024-05-17,Might,11,2024-07-16,2024-03-09,971679503,MRP-21,MRP-137,Range Solution,13,Investment,2025-01-19,2025-02-02,108,107,-2,2025-01-17,8,No,V9737423,40,2026-04-10,459364011,2024-08-18,800966931,V9789631,35,2024-05-01,VV,MRP-120,19,Ford-Smith Pharma,2025-01-03,Yes,No,CT-8970-PLO
111,118,2025-02-06,NB,MAT-86920,9929263533,46,US01,PG88,2,V120852,512536233,MRP-38,MRP-53,VV,2026-11-11,2024-10-08,Current,43,2025-06-11,2025-05-23,846564251,MRP-37,MRP-105,Various Solution,2,Decide,2025-02-06,2025-03-07,111,109,2,2025-02-04,23,Yes,V7841880,11,2026-03-26,282191722,2023-12-21,981570819,V8766831,28,2025-02-13,VB,MRP-116,23,French LLC Pharma,2025-12-30,Yes,No,CT-8970-PLO
111,129,2025-01-08,FO,MAT-52579,9568667752,52,US01,PG88,1,V374492,768967722,MRP-29,MRP-67,VV,2024-09-16,2026-05-15,Close,9,2026-08-08,2024-04-24,554785168,MRP-30,MRP-109,Cell Tablet,-3,Across,2025-01-08,2025-01-16,111,106,-3,2025-01-06,28,No,V7240918,45,2025-08-10,225326789,2026-04-25,411487244,V4705291,11,2026-08-08,VB,MRP-139,5,Foster PLC Pharma,2024-07-08,Yes,No,CT-6551-IBW
199,217,2024-11-18,FO,MAT-86168,7148298194,50,AP03,PG99,4,V636589,661623961,MRP-21,MRP-43,PD,2024-02-05,2026-04-02,Tonight,9,2024-01-09,2024-07-17,850236854,MRP-66,MRP-119,Run Solution,13,Simply,2024-11-18,2024-12-09,199,199,4,2024-11-16,5,Yes,V8600613,30,2024-03-09,271272979,2025-03-23,924100868,V9320749,18,2024-02-07,PD,MRP-123,9,"Miller, Stafford and Cortez Pharma",2026-04-20,No,Yes,CT-6109-EDZ
171,168,2025-03-21,NB,MAT-37872,4280380573,28,AP03,PG12,4,V275067,343446249,MRP-24,MRP-76,VB,2026-01-20,2025-03-11,Necessary,23,2024-05-05,2026-10-30,638314564,MRP-63,MRP-110,Effort Capsule,9,Full,2025-03-21,2025-04-01,171,167,-3,2025-03-19,22,No,V9037830,29,2026-05-17,662264985,2025-07-06,706167215,V6288170,23,2025-11-19,VB,MRP-107,10,"Walker, Hampton and Anderson Pharma",2023-12-02,No,Yes,CT-1816-RCG
89,84,2025-05-26,NB,MAT-56157,4010262926,73,EU02,PG89,3,V547085,736696261,MRP-58,MRP-62,PD,2023-12-03,2025-11-13,Foot,28,2025-04-26,2026-07-12,998453964,MRP-31,MRP-116,Contain Solution,14,Kid,2025-05-26,2025-06-12,89,88,-1,2025-05-24,13,Yes,V7836337,24,2025-03-29,693361156,2026-04-16,870569137,V9802999,22,2024-06-28,PD,MRP-104,3,Martinez-Barajas Pharma,2025-05-26,No,Yes,CT-7487-KNX
295,293,2025-07-23,NB,MAT-96156,1687306592,57,AP03,PG48,3,V964272,703846147,MRP-46,MRP-73,PD,2026-04-15,2025-10-13,Certainly,4,2024-01-18,2025-08-22,175340398,MRP-18,MRP-110,Compare Tablet,5,Director,2025-07-23,2025-08-22,295,295,-3,2025-07-21,13,Yes,V6071253,18,2026-08-09,214312959,2024-03-30,750270383,V4442993,11,2025-06-22,PD,MRP-103,28,Anderson PLC Pharma,2025-10-07,No,No,CT-9781-BYC
32,23,2024-12-31,FO,MAT-82398,4606821318,79,EU02,PG56,2,V466570,988894295,MRP-52,MRP-95,VB,2026-03-29,2026-04-11,National,29,2024-09-25,2024-07-18,467581399,MRP-28,MRP-137,Range Solution,5,Production,2024-12-31,2025-01-29,32,30,-2,2024-12-29,11,No,V6769897,18,2023-12-12,326948645,2024-05-04,897205891,V3877646,38,2025-04-29,VB,MRP-137,16,Myers LLC Pharma,2026-07-12,Yes,No,CT-8970-PLO
119,125,2025-10-06,NB,MAT-66257,9879252143,77,LAT04,PG92,3,V186689,291869018,MRP-30,MRP-71,PD,2026-04-20,2024-02-25,Heart,19,2024-08-30,2025-11-27,599880995,MRP-73,MRP-133,Hundred Solution,0,Ever,2025-10-06,2025-10-31,119,114,4,2025-10-04,5,No,V9116331,33,2024-07-27,939120114,2024-04-08,955145467,V2940138,42,2024-02-16,VB,MRP-101,14,"Meadows, Delacruz and Barnes Pharma",2023-12-18,No,Yes,CT-7484-BIH
233,252,2025-01-05,NB,MAT-84153,4374117597,14,US01,PG25,5,V805971,825025766,MRP-79,MRP-49,VB,2026-07-20,2025-08-08,Game,42,2026-05-06,2024-01-01,550993043,MRP-21,MRP-118,Floor Patch,-4,Staff,2025-01-05,2025-01-15,233,233,4,2025-01-03,16,No,V6901113,16,2024-03-26,995362730,2024-04-06,939083091,V7445116,9,2026-06-19,VV,MRP-125,9,Miller and Sons Pharma,2025-10-14,No,Yes,CT-3472-PNG
166,175,2025-10-25,FO,MAT-26378,9866995487,27,AP03,PG74,1,V998163,312503631,MRP-30,MRP-31,PD,2026-02-13,2023-12-03,Group,29,2023-12-21,2025-11-25,295651314,MRP-80,MRP-126,Shake Tablet,-1,Ago,2025-10-25,2025-11-20,166,166,-2,2025-10-23,14,Yes,V7551835,32,2025-11-10,511393621,2026-07-29,779372530,V7354483,31,2025-03-02,VB,MRP-111,29,Hines-Rodgers Pharma,2025-03-23,Yes,Yes,CT-5806-JWO
54,70,2025-01-27,FO,MAT-49508,2155644627,45,LAT04,PG22,2,V125531,652422558,MRP-72,MRP-84,VB,2024-11-18,2024-06-09,Will,6,2026-07-21,2026-06-04,911696229,MRP-57,MRP-116,Able Patch,-1,Wear,2025-01-27,2025-02-11,54,50,1,2025-01-25,21,No,V1455336,27,2026-10-15,370553851,2024-06-26,455710883,V7066206,8,2025-04-25,PD,MRP-101,17,Wagner-Barnes Pharma,2025-07-08,No,No,CT-6592-IDY
71,86,2025-05-13,NB,MAT-74459,2595202462,88,US01,PG99,1,V626527,588902102,MRP-43,MRP-22,VB,2024-08-06,2025-07-06,Technology,14,2024-10-24,2025-04-25,412381576,MRP-75,MRP-114,Memory Solution,-2,House,2025-05-13,2025-06-12,71,70,-3,2025-05-11,15,Yes,V3616674,30,2026-06-07,481558572,2024-11-22,262877569,V5694127,19,2024-12-04,PD,MRP-105,16,Henderson-Rivera Pharma,2025-12-05,Yes,Yes,CT-8015-GMQ
296,293,2025-01-08,NB,MAT-96156,4494642962,31,AP03,PG14,1,V427054,506611743,MRP-14,MRP-60,VB,2026-05-09,2025-08-07,Best,23,2026-09-13,2025-02-15,931614639,MRP-28,MRP-110,Compare Tablet,4,Perhaps,2025-01-08,2025-02-03,296,293,0,2025-01-06,23,Yes,V6857121,17,2024-12-18,216371714,2025-04-24,695385161,V9766758,11,2026-07-02,PD,MRP-103,28,"Mueller, Payne and Jensen Pharma",2025-09-03,No,No,CT-9781-BYC
13,7,2025-10-16,NB,MAT-85304,7791271087,50,AP03,PG16,1,V831908,908446241,MRP-11,MRP-37,VV,2026-02-23,2025-06-22,Idea,41,2025-12-17,2024-03-07,776763360,MRP-97,MRP-117,Artist Solution,-4,Focus,2025-10-16,2025-11-01,13,11,5,2025-10-14,26,Yes,V7913214,34,2025-12-07,405999138,2026-02-18,252323495,V2517674,31,2026-05-05,PD,MRP-129,29,"Erickson, Bradley and Mack Pharma",2023-12-06,Yes,No,CT-8970-PLO
293,293,2025-08-09,FO,MAT-56157,6678383309,72,EU02,PG74,1,V333208,870240281,MRP-76,MRP-24,VB,2025-06-25,2024-07-04,Expert,26,2024-05-12,2025-07-02,360629389,MRP-13,MRP-116,Contain Solution,-3,Already,2025-08-09,2025-08-31,293,292,0,2025-08-07,25,No,V2458030,34,2025-02-18,660718360,2026-05-07,584085498,V6295513,45,2024-09-24,VV,MRP-132,11,Woods-Taylor Pharma,2026-02-17,Yes,Yes,CT-7487-KNX
249,255,2025-04-20,NB,MAT-37872,1837352362,50,AP03,PG19,5,V903850,934225447,MRP-39,MRP-26,VV,2024-04-05,2025-06-27,Trade,17,2025-12-10,2024-03-12,258371918,MRP-39,MRP-110,Effort Capsule,10,Cost,2025-04-20,2025-05-11,249,245,-4,2025-04-18,5,Yes,V6918899,25,2024-12-11,227533906,2025-06-30,640461908,V9701292,21,2024-04-09,VV,MRP-121,16,George-Hamilton Pharma,2025-01-03,No,Yes,CT-1816-RCG
214,214,2025-11-03,FO,MAT-74459,2629566085,26,US01,PG71,3,V957493,277643624,MRP-27,MRP-89,VV,2026-07-01,2025-04-17,Human,44,2026-10-10,2025-05-21,252145721,MRP-61,MRP-114,Memory Solution,8,Also,2025-11-03,2025-11-20,214,210,-1,2025-11-01,20,Yes,V7088501,45,2026-07-14,930596873,2025-11-26,219661727,V7854934,26,2026-06-15,VB,MRP-138,4,"Schwartz, Green and Williams Pharma",2026-09-22,No,Yes,CT-8015-GMQ
160,150,2025-03-21,NB,MAT-45907,4403204476,51,LAT04,PG45,2,V399866,316274357,MRP-10,MRP-77,PD,2023-11-18,2026-01-19,Drop,25,2024-12-07,2025-04-18,575338970,MRP-67,MRP-115,Speech Patch,-3,Food,2025-03-21,2025-03-28,160,156,-4,2025-03-19,12,Yes,V2464730,45,2026-09-19,930654651,2025-03-31,707238744,V4862261,41,2025-02-22,VV,MRP-114,3,Roberts and Sons Pharma,2026-05-24,No,Yes,CT-3472-PNG
65,83,2025-09-28,FO,MAT-82814,7215279987,82,LAT04,PG54,1,V639407,385336170,MRP-64,MRP-25,VV,2025-06-23,2024-05-09,Responsibility,34,2026-11-09,2026-10-30,570548751,MRP-58,MRP-110,Reduce Solution,0,Air,2025-09-28,2025-10-07,65,65,5,2025-09-26,6,Yes,V3290131,42,2026-01-04,491331978,2024-09-23,484818848,V4094375,19,2024-11-04,PD,MRP-111,3,Johnson Ltd Pharma,2024-04-02,No,Yes,CT-3395-UCM
131,125,2025-02-06,FO,MAT-46171,6301632357,66,AP03,PG90,4,V259270,200037424,MRP-90,MRP-99,VB,2024-02-14,2023-11-23,Including,42,2026-01-14,2025-04-20,151163625,MRP-87,MRP-136,Though Solution,-4,Identify,2025-02-06,2025-02-26,131,130,1,2025-02-04,30,Yes,V4822831,14,2026-11-04,240880163,2024-04-17,318648815,V4760362,34,2024-07-08,PD,MRP-134,2,Duran-Cardenas Pharma,2026-08-31,Yes,Yes,CT-3636-AVP
196,216,2025-02-10,NB,MAT-74459,3956135233,52,US01,PG67,2,V403850,553561987,MRP-77,MRP-27,VB,2025-02-11,2026-02-12,Build,29,2025-11-08,2024-03-14,962321698,MRP-83,MRP-114,Memory Solution,2,With,2025-02-10,2025-03-03,196,194,2,2025-02-08,29,Yes,V7080727,16,2024-06-03,528773274,2025-04-18,500609596,V7289766,39,2024-07-30,PD,MRP-128,25,Martin-Chaney Pharma,2024-02-05,Yes,Yes,CT-8015-GMQ
97,102,2025-05-23,FO,MAT-40089,3802045026,65,EU02,PG23,3,V278723,352131291,MRP-23,MRP-37,PD,2025-12-24,2024-12-14,Try,29,2024-11-10,2025-05-28,382815777,MRP-46,MRP-126,Pull Patch,7,Step,2025-05-23,2025-06-18,97,96,4,2025-05-21,22,Yes,V6203001,44,2026-02-04,668883794,2024-11-25,851110095,V2520651,12,2024-07-11,VB,MRP-113,14,Sullivan-Taylor Pharma,2026-02-27,Yes,No,CT-4229-AWU
171,183,2025-05-08,FO,MAT-84153,9797020434,60,US01,PG54,5,V347561,542589429,MRP-22,MRP-66,PD,2025-04-16,2025-09-03,Under,24,2026-07-31,2024-03-06,199560864,MRP-81,MRP-118,Floor Patch,6,Listen,2025-05-08,2025-06-01,171,166,-1,2025-05-06,9,Yes,V4083714,6,2024-11-20,955172255,2025-05-30,373710878,V6389791,21,2025-11-23,VV,MRP-107,7,Jenkins-Mata Pharma,2024-01-18,Yes,Yes,CT-3472-PNG
227,218,2024-12-03,FO,MAT-74459,5666383707,55,US01,PG89,4,V228750,509253401,MRP-90,MRP-59,VB,2026-02-18,2024-02-19,Cultural,27,2026-06-21,2026-02-19,173881952,MRP-28,MRP-114,Memory Solution,9,Night,2024-12-03,2024-12-30,227,225,4,2024-12-01,12,Yes,V8308214,44,2025-12-23,831376770,2025-02-03,981928061,V7365674,3,2025-06-14,VV,MRP-136,1,Armstrong Ltd Pharma,2025-01-29,Yes,Yes,CT-8015-GMQ
225,232,2025-06-23,FO,MAT-31615,4723546359,17,EU02,PG25,1,V451074,278569203,MRP-99,MRP-48,VB,2025-07-22,2025-03-22,Green,17,2024-07-02,2025-02-23,731221578,MRP-49,MRP-122,Trouble Capsule,12,Standard,2025-06-23,2025-07-20,225,221,5,2025-06-21,18,Yes,V3225389,25,2024-03-29,598928149,2026-02-13,172957839,V8524839,16,2026-07-01,VV,MRP-126,26,Hernandez and Sons Pharma,2026-04-09,No,No,CT-9781-BYC
271,271,2025-03-02,NB,MAT-78401,9002934034,87,US01,PG70,5,V611749,668973784,MRP-70,MRP-37,PD,2025-06-14,2025-12-07,Send,15,2024-06-24,2025-02-10,795493555,MRP-44,MRP-103,Expect Tablet,8,Most,2025-03-02,2025-03-10,271,269,2,2025-02-28,18,Yes,V3961170,11,2025-05-01,347680766,2026-03-28,848000682,V9167629,19,2026-10-17,PD,MRP-111,22,Jackson-Dorsey Pharma,2023-11-17,Yes,Yes,CT-1696-SCY
115,133,2025-07-01,NB,MAT-74247,6184719580,88,EU02,PG57,1,V111818,869654102,MRP-65,MRP-41,VV,2024-09-15,2025-08-15,Pretty,16,2024-05-14,2024-04-01,450917833,MRP-56,MRP-131,Great Patch,-5,Almost,2025-07-01,2025-07-11,115,113,4,2025-06-29,30,No,V2485903,8,2026-01-15,132429415,2026-08-12,462446012,V3839872,44,2024-02-27,PD,MRP-122,3,Leonard Group Pharma,2026-03-21,No,Yes,CT-7484-BIH
204,214,2024-11-28,FO,MAT-16078,7798709509,47,LAT04,PG12,5,V600127,347708167,MRP-17,MRP-34,VB,2026-01-26,2026-03-23,Note,37,2026-05-02,2024-01-17,181743788,MRP-62,MRP-139,Stock Patch,5,Short,2024-11-28,2024-12-20,204,203,-4,2024-11-26,28,Yes,V9684403,36,2024-06-19,728532182,2026-06-27,252955721,V6541219,30,2025-02-28,VB,MRP-139,15,Cross-Morris Pharma,2025-08-26,No,Yes,CT-9831-IEW
218,220,2025-04-25,FO,MAT-97442,3925139636,75,EU02,PG74,3,V689044,135969070,MRP-97,MRP-60,PD,2025-09-17,2024-10-13,Ever,39,2026-05-23,2025-07-02,483548802,MRP-68,MRP-101,Common Patch,0,Ago,2025-04-25,2025-05-15,218,216,2,2025-04-23,12,No,V6786443,43,2025-05-01,714232784,2026-07-04,214382958,V1396023,20,2025-11-17,PD,MRP-117,13,Sanford Inc Pharma,2023-12-16,Yes,Yes,CT-2004-PSX
239,258,2025-10-25,NB,MAT-22108,2025415968,63,US01,PG93,3,V952480,764666304,MRP-67,MRP-32,VB,2026-03-31,2026-01-17,Dream,39,2026-06-27,2025-12-24,389683791,MRP-65,MRP-102,Win Injection,-3,Consider,2025-10-25,2025-11-05,239,239,4,2025-10-23,18,No,V2250664,13,2025-03-07,686916506,2025-12-20,273215815,V1731919,5,2026-03-23,PD,MRP-110,22,Hughes-Yang Pharma,2023-12-06,Yes,No,CT-6910-RDE
284,290,2025-06-29,FO,MAT-14039,2937112166,65,EU02,PG69,4,V925805,341811534,MRP-52,MRP-37,VV,2025-05-03,2026-06-14,Although,31,2025-12-12,2024-02-10,431586996,MRP-97,MRP-115,Should Tablet,-1,Read,2025-06-29,2025-07-29,284,282,1,2025-06-27,18,Yes,V5218300,40,2023-12-13,474025617,2026-03-27,538152836,V1665331,14,2026-08-23,VB,MRP-114,17,Cantrell-Olson Pharma,2024-06-26,Yes,No,CT-6109-EDZ
282,285,2025-04-15,NB,MAT-22610,5806700042,79,LAT04,PG56,3,V392918,269454497,MRP-49,MRP-86,VB,2024-06-01,2025-03-28,Administration,22,2026-02-14,2025-10-31,862489517,MRP-76,MRP-108,Us Solution,11,Yard,2025-04-15,2025-05-05,282,281,4,2025-04-13,28,Yes,V4752096,32,2024-03-11,173925729,2024-10-11,236874936,V9111589,7,2026-10-02,PD,MRP-119,30,"Munoz, Newman and Mccormick Pharma",2026-07-05,No,No,CT-9771-CZL
295,302,2025-06-11,NB,MAT-30703,9998612461,22,AP03,PG67,3,V663804,456808035,MRP-63,MRP-75,VV,2025-08-28,2026-01-23,Issue,12,2024-01-20,2026-04-30,956201854,MRP-26,MRP-124,Cold Injection,-3,Individual,2025-06-11,2025-06-23,295,294,-3,2025-06-09,24,Yes,V7309154,4,2024-03-04,625823471,2026-04-18,635589803,V8780296,6,2025-05-02,VB,MRP-127,8,Moore LLC Pharma,2026-06-28,No,Yes,CT-3228-ZKT
39,48,2025-09-24,FO,MAT-47140,7152348484,45,US01,PG16,2,V779788,454939165,MRP-75,MRP-93,VV,2025-12-29,2025-11-06,Able,29,2024-05-20,2024-01-15,373697316,MRP-93,MRP-111,Side Capsule,-2,Mind,2025-09-24,2025-10-07,39,36,-5,2025-09-22,9,No,V4599285,40,2024-03-13,538674326,2024-07-29,855339145,V9376778,23,2025-04-25,PD,MRP-103,15,Choi Group Pharma,2026-02-06,Yes,Yes,CT-8742-ECD
35,46,2025-02-11,NB,MAT-56157,2849866899,80,EU02,PG68,1,V680279,489656887,MRP-35,MRP-42,VV,2026-01-10,2025-03-19,Hotel,3,2025-09-03,2024-11-07,443289704,MRP-82,MRP-116,Contain Solution,13,Laugh,2025-02-11,2025-02-23,35,32,0,2025-02-09,29,Yes,V9224459,16,2024-07-18,830554585,2024-10-31,799590016,V6829830,22,2024-05-12,VB,MRP-105,19,"Barr, Freeman and Farley Pharma",2025-02-02,No,No,CT-7487-KNX
293,299,2025-08-14,FO,MAT-66331,6501340267,40,LAT04,PG75,4,V498538,698623559,MRP-75,MRP-96,VV,2025-01-03,2026-08-27,Sort,26,2025-10-06,2024-12-26,416179963,MRP-14,MRP-111,Step Solution,12,Who,2025-08-14,2025-08-24,293,288,3,2025-08-12,11,Yes,V7939343,37,2024-05-04,806532224,2025-07-11,400055675,V3007528,38,2026-03-28,PD,MRP-107,10,"Phillips, Schroeder and Strickland Pharma",2025-10-10,Yes,Yes,CT-8872-GKR
176,189,2024-12-14,FO,MAT-81584,7288816413,88,US01,PG12,1,V661887,140005916,MRP-50,MRP-66,PD,2024-10-03,2024-09-25,White,35,2024-04-25,2024-03-28,422518504,MRP-71,MRP-136,Set Solution,13,Board,2024-12-14,2025-01-04,176,173,2,2024-12-12,24,Yes,V1475202,11,2024-04-01,341288789,2024-08-26,171891128,V2159220,19,2025-02-07,VB,MRP-108,18,Austin-Rowe Pharma,2025-11-24,Yes,Yes,CT-5806-JWO
222,232,2025-05-25,FO,MAT-37872,5914439963,84,AP03,PG65,3,V630371,177433261,MRP-82,MRP-54,VV,2024-05-19,2026-04-29,Include,33,2026-04-08,2026-10-31,307356358,MRP-30,MRP-110,Effort Capsule,1,Sign,2025-05-25,2025-06-21,222,221,2,2025-05-23,11,Yes,V5192531,26,2025-08-01,319117140,2026-10-27,929153224,V4756285,20,2024-12-30,VV,MRP-102,3,"Figueroa, Davis and Chang Pharma",2025-09-06,Yes,Yes,CT-1816-RCG
253,252,2025-10-04,FO,MAT-96156,8258881822,84,AP03,PG40,4,V372300,925850236,MRP-42,MRP-89,VV,2024-02-03,2024-08-20,Type,10,2024-09-25,2024-04-13,301012122,MRP-11,MRP-110,Compare Tablet,13,Everyone,2025-10-04,2025-10-12,253,250,2,2025-10-02,11,Yes,V1940673,43,2026-02-04,109337544,2024-05-06,420550847,V3614344,24,2023-11-20,VB,MRP-112,18,Morgan-Ward Pharma,2025-12-05,Yes,No,CT-9781-BYC
240,237,2025-02-22,NB,MAT-93657,5518752922,33,AP03,PG85,3,V697752,187740485,MRP-58,MRP-80,VB,2024-01-28,2024-11-11,Once,43,2026-05-05,2026-03-31,954116930,MRP-78,MRP-109,Dog Patch,-5,Whatever,2025-02-22,2025-03-19,240,239,-4,2025-02-20,23,Yes,V5361612,35,2024-06-26,332252853,2025-03-31,786996831,V1094769,21,2024-02-23,VV,MRP-104,11,"Smith, King and Smith Pharma",2025-04-27,No,Yes,CT-6910-RDE
106,125,2025-10-27,FO,MAT-98864,3924822079,20,AP03,PG39,2,V878196,381026610,MRP-20,MRP-86,VV,2026-08-02,2024-04-20,Mention,13,2024-12-14,2026-04-27,846611962,MRP-54,MRP-119,Positive Injection,6,Least,2025-10-27,2025-11-26,106,106,5,2025-10-25,12,No,V5093017,30,2025-01-27,951156460,2026-11-10,102055471,V8402876,21,2026-03-23,VB,MRP-124,29,Dickerson LLC Pharma,2026-01-02,No,No,CT-9781-BYC
29,41,2025-09-27,FO,MAT-32011,5110602090,10,EU02,PG50,3,V195917,850230802,MRP-21,MRP-40,VV,2024-07-17,2024-03-11,Ever,40,2024-10-31,2024-07-10,127102640,MRP-58,MRP-134,Offer Tablet,5,Research,2025-09-27,2025-10-04,29,28,-5,2025-09-25,11,Yes,V3580532,36,2026-07-08,577967345,2026-06-29,753455721,V7532948,24,2025-06-25,VB,MRP-108,10,Anderson and Sons Pharma,2026-02-09,No,Yes,CT-2004-PSX
73,89,2025-01-03,NB,MAT-22610,4791188344,46,LAT04,PG93,1,V200569,505771863,MRP-98,MRP-65,PD,2024-01-12,2024-01-15,Six,34,2024-10-03,2025-03-08,404144068,MRP-73,MRP-108,Us Solution,10,Blue,2025-01-03,2025-01-26,73,69,0,2025-01-01,20,No,V2766016,42,2024-07-03,510663417,2025-02-22,429533152,V8525938,38,2025-12-23,VV,MRP-110,11,Arnold-Whitaker Pharma,2025-10-08,Yes,Yes,CT-9771-CZL
93,101,2025-01-12,FO,MAT-74459,3696266868,75,US01,PG69,5,V389764,445134536,MRP-34,MRP-66,PD,2025-05-05,2025-05-27,Large,16,2025-11-07,2026-10-19,115147087,MRP-45,MRP-114,Memory Solution,13,Husband,2025-01-12,2025-02-06,93,88,-1,2025-01-10,7,No,V2418515,43,2023-12-19,776152544,2026-07-10,139491906,V6230035,41,2026-05-04,VB,MRP-137,16,Thompson LLC Pharma,2025-04-16,No,No,CT-8015-GMQ
225,219,2025-04-05,FO,MAT-54383,7563011933,20,EU02,PG21,4,V448949,348293802,MRP-24,MRP-61,VB,2026-03-27,2024-06-21,Move,43,2026-03-12,2024-04-28,752792454,MRP-17,MRP-108,Agency Injection,-3,Hundred,2025-04-05,2025-05-01,225,221,-5,2025-04-03,23,Yes,V9757221,27,2024-09-03,883092495,2026-07-04,613812713,V9811323,13,2026-10-11,PD,MRP-133,30,"Willis, Simpson and Watson Pharma",2025-07-20,Yes,Yes,CT-3636-AVP
170,184,2025-11-04,NB,MAT-56157,9212532574,66,EU02,PG79,1,V323665,398587157,MRP-15,MRP-89,VV,2025-02-02,2023-12-18,Ball,42,2025-03-13,2024-02-22,705943045,MRP-96,MRP-116,Contain Solution,-3,End,2025-11-04,2025-12-03,170,169,-5,2025-11-02,14,Yes,V8062321,39,2025-05-21,351259675,2024-07-19,610874766,V7317765,11,2026-06-09,PD,MRP-110,12,Beck-Freeman Pharma,2026-11-07,Yes,Yes,CT-7487-KNX
65,56,2025-07-11,FO,MAT-22610,9433457301,65,LAT04,PG92,1,V384859,723284593,MRP-57,MRP-38,VB,2025-11-20,2024-07-19,Tonight,19,2026-03-27,2026-06-10,325858401,MRP-88,MRP-108,Us Solution,-1,Visit,2025-07-11,2025-07-26,65,60,-1,2025-07-09,20,No,V7595938,16,2024-06-06,929258503,2024-12-10,531313021,V6581810,39,2026-03-06,VV,MRP-123,3,Beasley-Wright Pharma,2024-10-31,Yes,No,CT-9771-CZL
226,230,2025-01-29,FO,MAT-40706,9181821093,13,US01,PG47,3,V215234,751362066,MRP-74,MRP-54,PD,2023-12-27,2025-05-30,Population,3,2024-10-15,2025-02-19,368485674,MRP-62,MRP-103,Keep Capsule,9,Almost,2025-01-29,2025-02-14,226,223,-2,2025-01-27,12,No,V3187342,32,2025-07-13,494905221,2024-03-19,426217840,V2851850,8,2024-01-08,PD,MRP-131,27,Torres-Gomez Pharma,2025-06-28,Yes,Yes,CT-3395-UCM
154,147,2025-07-04,FO,MAT-52579,3629978188,85,US01,PG58,1,V732221,505417822,MRP-37,MRP-34,VV,2025-06-09,2025-02-11,Go,23,2025-11-05,2025-08-01,652434758,MRP-33,MRP-109,Cell Tablet,7,Serious,2025-07-04,2025-07-16,154,151,3,2025-07-02,20,Yes,V2058888,4,2024-11-10,928682597,2025-08-04,709568224,V5754482,43,2025-11-22,VV,MRP-128,29,Kirby Inc Pharma,2025-06-09,No,No,CT-6551-IBW
